revision_id,method,update_accuracy,contradiction_detected,coherence_rating_1_5,resolution_time_sec
geop_16976.date_correction,,,,,
geop_16976.add_causal,,,,,
geop_16976.contradiction,,,,,
geop_16976.removal,,,,,
geop_19058.date_correction,,,,,
geop_19058.add_causal,,,,,
geop_19058.contradiction,,,,,
geop_19058.removal,,,,,
tech_44969.date_correction,,,,,
tech_44969.add_causal,,,,,
tech_44969.contradiction,,,,,
tech_44969.removal,,,,,
tech_44891.date_correction,,,,,
tech_44891.add_causal,,,,,
tech_44891.contradiction,,,,,
tech_44891.removal,,,,,
geop_12172.date_correction,,,,,
geop_12172.add_causal,,,,,
geop_12172.contradiction,,,,,
geop_12172.removal,,,,,
hist_fina_42790.date_correction,,,,,
hist_fina_42790.add_causal,,,,,
hist_fina_42790.contradiction,,,,,
hist_fina_42790.removal,,,,,
geop_15111.date_correction,,,,,
geop_15111.add_causal,,,,,
geop_15111.contradiction,,,,,
geop_15111.removal,,,,,
fina_43719.date_correction,,,,,
fina_43719.add_causal,,,,,
fina_43719.contradiction,,,,,
fina_43719.removal,,,,,
cult_9645.date_correction,,,,,
cult_9645.add_causal,,,,,
cult_9645.contradiction,,,,,
cult_9645.removal,,,,,
fina_tech_14757.date_correction,,,,,
fina_tech_14757.add_causal,,,,,
fina_tech_14757.contradiction,,,,,
fina_tech_14757.removal,,,,,
fina_42065.date_correction,,,,,
fina_42065.add_causal,,,,,
fina_42065.contradiction,,,,,
fina_42065.removal,,,,,
tech_48164.date_correction,,,,,
tech_48164.add_causal,,,,,
tech_48164.contradiction,,,,,
tech_48164.removal,,,,,
geop_12280.date_correction,,,,,
geop_12280.add_causal,,,,,
geop_12280.contradiction,,,,,
geop_12280.removal,,,,,
cult_8534.date_correction,,,,,
cult_8534.add_causal,,,,,
cult_8534.contradiction,,,,,
cult_8534.removal,,,,,
fina_4642.date_correction,,,,,
fina_4642.add_causal,,,,,
fina_4642.contradiction,,,,,
fina_4642.removal,,,,,
medi_34832.date_correction,,,,,
medi_34832.add_causal,,,,,
medi_34832.contradiction,,,,,
medi_34832.removal,,,,,
cult_14019.date_correction,,,,,
cult_14019.add_causal,,,,,
cult_14019.contradiction,,,,,
cult_14019.removal,,,,,
tech_48864.date_correction,,,,,
tech_48864.add_causal,,,,,
tech_48864.contradiction,,,,,
tech_48864.removal,,,,,
geop_19313.date_correction,,,,,
geop_19313.add_causal,,,,,
geop_19313.contradiction,,,,,
geop_19313.removal,,,,,
fina_1965.date_correction,,,,,
fina_1965.add_causal,,,,,
fina_1965.contradiction,,,,,
fina_1965.removal,,,,,
scie_tech_28290.date_correction,,,,,
scie_tech_28290.add_causal,,,,,
scie_tech_28290.contradiction,,,,,
scie_tech_28290.removal,,,,,
hist_8277.date_correction,,,,,
hist_8277.add_causal,,,,,
hist_8277.contradiction,,,,,
hist_8277.removal,,,,,
fina_tech_44897.date_correction,,,,,
fina_tech_44897.add_causal,,,,,
fina_tech_44897.contradiction,,,,,
fina_tech_44897.removal,,,,,
fina_39893.date_correction,,,,,
fina_39893.add_causal,,,,,
fina_39893.contradiction,,,,,
fina_39893.removal,,,,,
fina_946.date_correction,,,,,
fina_946.add_causal,,,,,
fina_946.contradiction,,,,,
fina_946.removal,,,,,
geop_18079.date_correction,,,,,
geop_18079.add_causal,,,,,
geop_18079.contradiction,,,,,
geop_18079.removal,,,,,
cult_9615.date_correction,,,,,
cult_9615.add_causal,,,,,
cult_9615.contradiction,,,,,
cult_9615.removal,,,,,
hist_5568.date_correction,,,,,
hist_5568.add_causal,,,,,
hist_5568.contradiction,,,,,
hist_5568.removal,,,,,
geop_17201.date_correction,,,,,
geop_17201.add_causal,,,,,
geop_17201.contradiction,,,,,
geop_17201.removal,,,,,
tech_fina_29567.date_correction,,,,,
tech_fina_29567.add_causal,,,,,
tech_fina_29567.contradiction,,,,,
tech_fina_29567.removal,,,,,
tech_48867.date_correction,,,,,
tech_48867.add_causal,,,,,
tech_48867.contradiction,,,,,
tech_48867.removal,,,,,
hist_28629.date_correction,,,,,
hist_28629.add_causal,,,,,
hist_28629.contradiction,,,,,
hist_28629.removal,,,,,
cult_9143.date_correction,,,,,
cult_9143.add_causal,,,,,
cult_9143.contradiction,,,,,
cult_9143.removal,,,,,
geop_16825.date_correction,,,,,
geop_16825.add_causal,,,,,
geop_16825.contradiction,,,,,
geop_16825.removal,,,,,
tech_23316.date_correction,,,,,
tech_23316.add_causal,,,,,
tech_23316.contradiction,,,,,
tech_23316.removal,,,,,
geop_15339.date_correction,,,,,
geop_15339.add_causal,,,,,
geop_15339.contradiction,,,,,
geop_15339.removal,,,,,
medi_31908.date_correction,,,,,
medi_31908.add_causal,,,,,
medi_31908.contradiction,,,,,
medi_31908.removal,,,,,
spor_49547.date_correction,,,,,
spor_49547.add_causal,,,,,
spor_49547.contradiction,,,,,
spor_49547.removal,,,,,
tech_36039.date_correction,,,,,
tech_36039.add_causal,,,,,
tech_36039.contradiction,,,,,
tech_36039.removal,,,,,
tech_36987.date_correction,,,,,
tech_36987.add_causal,,,,,
tech_36987.contradiction,,,,,
tech_36987.removal,,,,,
scie_28158.date_correction,,,,,
scie_28158.add_causal,,,,,
scie_28158.contradiction,,,,,
scie_28158.removal,,,,,
tech_44016.date_correction,,,,,
tech_44016.add_causal,,,,,
tech_44016.contradiction,,,,,
tech_44016.removal,,,,,
hist_23871.date_correction,,,,,
hist_23871.add_causal,,,,,
hist_23871.contradiction,,,,,
hist_23871.removal,,,,,
scie_28174.date_correction,,,,,
scie_28174.add_causal,,,,,
scie_28174.contradiction,,,,,
scie_28174.removal,,,,,
hist_geop_41914.date_correction,,,,,
hist_geop_41914.add_causal,,,,,
hist_geop_41914.contradiction,,,,,
hist_geop_41914.removal,,,,,
hist_20565.date_correction,,,,,
hist_20565.add_causal,,,,,
hist_20565.contradiction,,,,,
hist_20565.removal,,,,,
fina_43002.date_correction,,,,,
fina_43002.add_causal,,,,,
fina_43002.contradiction,,,,,
fina_43002.removal,,,,,
hist_7692.date_correction,,,,,
hist_7692.add_causal,,,,,
hist_7692.contradiction,,,,,
hist_7692.removal,,,,,
fina_22677.date_correction,,,,,
fina_22677.add_causal,,,,,
fina_22677.contradiction,,,,,
fina_22677.removal,,,,,
fina_38993.date_correction,,,,,
fina_38993.add_causal,,,,,
fina_38993.contradiction,,,,,
fina_38993.removal,,,,,
fina_41595.date_correction,,,,,
fina_41595.add_causal,,,,,
fina_41595.contradiction,,,,,
fina_41595.removal,,,,,
geop_17230.date_correction,,,,,
geop_17230.add_causal,,,,,
geop_17230.contradiction,,,,,
geop_17230.removal,,,,,
fina_45340.date_correction,,,,,
fina_45340.add_causal,,,,,
fina_45340.contradiction,,,,,
fina_45340.removal,,,,,
fina_29390.date_correction,,,,,
fina_29390.add_causal,,,,,
fina_29390.contradiction,,,,,
fina_29390.removal,,,,,
scie_36335.date_correction,,,,,
scie_36335.add_causal,,,,,
scie_36335.contradiction,,,,,
scie_36335.removal,,,,,
fina_geop_40075.date_correction,,,,,
fina_geop_40075.add_causal,,,,,
fina_geop_40075.contradiction,,,,,
fina_geop_40075.removal,,,,,
tech_49107.date_correction,,,,,
tech_49107.add_causal,,,,,
tech_49107.contradiction,,,,,
tech_49107.removal,,,,,
cult_8838.date_correction,,,,,
cult_8838.add_causal,,,,,
cult_8838.contradiction,,,,,
cult_8838.removal,,,,,
hard_28866.date_correction,,,,,
hard_28866.add_causal,,,,,
hard_28866.contradiction,,,,,
hard_28866.removal,,,,,
fina_44416.date_correction,,,,,
fina_44416.add_causal,,,,,
fina_44416.contradiction,,,,,
fina_44416.removal,,,,,
tech_47832.date_correction,,,,,
tech_47832.add_causal,,,,,
tech_47832.contradiction,,,,,
tech_47832.removal,,,,,
tech_hist_29064.date_correction,,,,,
tech_hist_29064.add_causal,,,,,
tech_hist_29064.contradiction,,,,,
tech_hist_29064.removal,,,,,
medi_35137.date_correction,,,,,
medi_35137.add_causal,,,,,
medi_35137.contradiction,,,,,
medi_35137.removal,,,,,
geop_11576.date_correction,,,,,
geop_11576.add_causal,,,,,
geop_11576.contradiction,,,,,
geop_11576.removal,,,,,
geop_19225.date_correction,,,,,
geop_19225.add_causal,,,,,
geop_19225.contradiction,,,,,
geop_19225.removal,,,,,
cult_13280.date_correction,,,,,
cult_13280.add_causal,,,,,
cult_13280.contradiction,,,,,
cult_13280.removal,,,,,
geop_11758.date_correction,,,,,
geop_11758.add_causal,,,,,
geop_11758.contradiction,,,,,
geop_11758.removal,,,,,
hist_34266.date_correction,,,,,
hist_34266.add_causal,,,,,
hist_34266.contradiction,,,,,
hist_34266.removal,,,,,
hist_23350.date_correction,,,,,
hist_23350.add_causal,,,,,
hist_23350.contradiction,,,,,
hist_23350.removal,,,,,
geop_16603.date_correction,,,,,
geop_16603.add_causal,,,,,
geop_16603.contradiction,,,,,
geop_16603.removal,,,,,
medi_24324.date_correction,,,,,
medi_24324.add_causal,,,,,
medi_24324.contradiction,,,,,
medi_24324.removal,,,,,
medi_30118.date_correction,,,,,
medi_30118.add_causal,,,,,
medi_30118.contradiction,,,,,
medi_30118.removal,,,,,
geop_17156.date_correction,,,,,
geop_17156.add_causal,,,,,
geop_17156.contradiction,,,,,
geop_17156.removal,,,,,
fina_geop_hist_39702.date_correction,,,,,
fina_geop_hist_39702.add_causal,,,,,
fina_geop_hist_39702.contradiction,,,,,
fina_geop_hist_39702.removal,,,,,
geop_18362.date_correction,,,,,
geop_18362.add_causal,,,,,
geop_18362.contradiction,,,,,
geop_18362.removal,,,,,
hist_25941.date_correction,,,,,
hist_25941.add_causal,,,,,
hist_25941.contradiction,,,,,
hist_25941.removal,,,,,
cult_8571.date_correction,,,,,
cult_8571.add_causal,,,,,
cult_8571.contradiction,,,,,
cult_8571.removal,,,,,
tech_37848.date_correction,,,,,
tech_37848.add_causal,,,,,
tech_37848.contradiction,,,,,
tech_37848.removal,,,,,
medi_32175.date_correction,,,,,
medi_32175.add_causal,,,,,
medi_32175.contradiction,,,,,
medi_32175.removal,,,,,
tech_36060.date_correction,,,,,
tech_36060.add_causal,,,,,
tech_36060.contradiction,,,,,
tech_36060.removal,,,,,
geop_15432.date_correction,,,,,
geop_15432.add_causal,,,,,
geop_15432.contradiction,,,,,
geop_15432.removal,,,,,
hist_37067.date_correction,,,,,
hist_37067.add_causal,,,,,
hist_37067.contradiction,,,,,
hist_37067.removal,,,,,
geop_15447.date_correction,,,,,
geop_15447.add_causal,,,,,
geop_15447.contradiction,,,,,
geop_15447.removal,,,,,
cult_12745.date_correction,,,,,
cult_12745.add_causal,,,,,
cult_12745.contradiction,,,,,
cult_12745.removal,,,,,
fina_46036.date_correction,,,,,
fina_46036.add_causal,,,,,
fina_46036.contradiction,,,,,
fina_46036.removal,,,,,
medi_24018.date_correction,,,,,
medi_24018.add_causal,,,,,
medi_24018.contradiction,,,,,
medi_24018.removal,,,,,
cult_8592.date_correction,,,,,
cult_8592.add_causal,,,,,
cult_8592.contradiction,,,,,
cult_8592.removal,,,,,
fina_4803.date_correction,,,,,
fina_4803.add_causal,,,,,
fina_4803.contradiction,,,,,
fina_4803.removal,,,,,
medi_scie_28211.date_correction,,,,,
medi_scie_28211.add_causal,,,,,
medi_scie_28211.contradiction,,,,,
medi_scie_28211.removal,,,,,
fina_42739.date_correction,,,,,
fina_42739.add_causal,,,,,
fina_42739.contradiction,,,,,
fina_42739.removal,,,,,
hist_tech_41248.date_correction,,,,,
hist_tech_41248.add_causal,,,,,
hist_tech_41248.contradiction,,,,,
hist_tech_41248.removal,,,,,
medi_30392.date_correction,,,,,
medi_30392.add_causal,,,,,
medi_30392.contradiction,,,,,
medi_30392.removal,,,,,
hist_25543.date_correction,,,,,
hist_25543.add_causal,,,,,
hist_25543.contradiction,,,,,
hist_25543.removal,,,,,
hist_143.date_correction,,,,,
hist_143.add_causal,,,,,
hist_143.contradiction,,,,,
hist_143.removal,,,,,
tech_47172.date_correction,,,,,
tech_47172.add_causal,,,,,
tech_47172.contradiction,,,,,
tech_47172.removal,,,,,
scie_27813.date_correction,,,,,
scie_27813.add_causal,,,,,
scie_27813.contradiction,,,,,
scie_27813.removal,,,,,
fina_2832.date_correction,,,,,
fina_2832.add_causal,,,,,
fina_2832.contradiction,,,,,
fina_2832.removal,,,,,
fina_tech_14740.date_correction,,,,,
fina_tech_14740.add_causal,,,,,
fina_tech_14740.contradiction,,,,,
fina_tech_14740.removal,,,,,
cult_9290.date_correction,,,,,
cult_9290.add_causal,,,,,
cult_9290.contradiction,,,,,
cult_9290.removal,,,,,
scie_32645.date_correction,,,,,
scie_32645.add_causal,,,,,
scie_32645.contradiction,,,,,
scie_32645.removal,,,,,
tech_45812.date_correction,,,,,
tech_45812.add_causal,,,,,
tech_45812.contradiction,,,,,
tech_45812.removal,,,,,
tech_29177.date_correction,,,,,
tech_29177.add_causal,,,,,
tech_29177.contradiction,,,,,
tech_29177.removal,,,,,
hist_fina_41941.date_correction,,,,,
hist_fina_41941.add_causal,,,,,
hist_fina_41941.contradiction,,,,,
hist_fina_41941.removal,,,,,
geop_16628.date_correction,,,,,
geop_16628.add_causal,,,,,
geop_16628.contradiction,,,,,
geop_16628.removal,,,,,
hist_10470.date_correction,,,,,
hist_10470.add_causal,,,,,
hist_10470.contradiction,,,,,
hist_10470.removal,,,,,
tech_48107.date_correction,,,,,
tech_48107.add_causal,,,,,
tech_48107.contradiction,,,,,
tech_48107.removal,,,,,
tech_27104.date_correction,,,,,
tech_27104.add_causal,,,,,
tech_27104.contradiction,,,,,
tech_27104.removal,,,,,
hist_geop_48311.date_correction,,,,,
hist_geop_48311.add_causal,,,,,
hist_geop_48311.contradiction,,,,,
hist_geop_48311.removal,,,,,
geop_16469.date_correction,,,,,
geop_16469.add_causal,,,,,
geop_16469.contradiction,,,,,
geop_16469.removal,,,,,
spor_49872.date_correction,,,,,
spor_49872.add_causal,,,,,
spor_49872.contradiction,,,,,
spor_49872.removal,,,,,
hist_22979.date_correction,,,,,
hist_22979.add_causal,,,,,
hist_22979.contradiction,,,,,
hist_22979.removal,,,,,
cult_13308.date_correction,,,,,
cult_13308.add_causal,,,,,
cult_13308.contradiction,,,,,
cult_13308.removal,,,,,
tech_46288.date_correction,,,,,
tech_46288.add_causal,,,,,
tech_46288.contradiction,,,,,
tech_46288.removal,,,,,
fina_cult_41380.date_correction,,,,,
fina_cult_41380.add_causal,,,,,
fina_cult_41380.contradiction,,,,,
fina_cult_41380.removal,,,,,
hist_24563.date_correction,,,,,
hist_24563.add_causal,,,,,
hist_24563.contradiction,,,,,
hist_24563.removal,,,,,
hist_geop_34112.date_correction,,,,,
hist_geop_34112.add_causal,,,,,
hist_geop_34112.contradiction,,,,,
hist_geop_34112.removal,,,,,
tech_47017.date_correction,,,,,
tech_47017.add_causal,,,,,
tech_47017.contradiction,,,,,
tech_47017.removal,,,,,
fina_43107.date_correction,,,,,
fina_43107.add_causal,,,,,
fina_43107.contradiction,,,,,
fina_43107.removal,,,,,
cult_8979.date_correction,,,,,
cult_8979.add_causal,,,,,
cult_8979.contradiction,,,,,
cult_8979.removal,,,,,
tech_46190.date_correction,,,,,
tech_46190.add_causal,,,,,
tech_46190.contradiction,,,,,
tech_46190.removal,,,,,
fina_cult_39571.date_correction,,,,,
fina_cult_39571.add_causal,,,,,
fina_cult_39571.contradiction,,,,,
fina_cult_39571.removal,,,,,
geop_15577.date_correction,,,,,
geop_15577.add_causal,,,,,
geop_15577.contradiction,,,,,
geop_15577.removal,,,,,
hist_fina_47423.date_correction,,,,,
hist_fina_47423.add_causal,,,,,
hist_fina_47423.contradiction,,,,,
hist_fina_47423.removal,,,,,
scie_hist_32535.date_correction,,,,,
scie_hist_32535.add_causal,,,,,
scie_hist_32535.contradiction,,,,,
scie_hist_32535.removal,,,,,
cult_13875.date_correction,,,,,
cult_13875.add_causal,,,,,
cult_13875.contradiction,,,,,
cult_13875.removal,,,,,
fina_40472.date_correction,,,,,
fina_40472.add_causal,,,,,
fina_40472.contradiction,,,,,
fina_40472.removal,,,,,
fina_2790.date_correction,,,,,
fina_2790.add_causal,,,,,
fina_2790.contradiction,,,,,
fina_2790.removal,,,,,
fina_geop_38089.date_correction,,,,,
fina_geop_38089.add_causal,,,,,
fina_geop_38089.contradiction,,,,,
fina_geop_38089.removal,,,,,
fina_46052.date_correction,,,,,
fina_46052.add_causal,,,,,
fina_46052.contradiction,,,,,
fina_46052.removal,,,,,
hist_fina_38767.date_correction,,,,,
hist_fina_38767.add_causal,,,,,
hist_fina_38767.contradiction,,,,,
hist_fina_38767.removal,,,,,
fina_2533.date_correction,,,,,
fina_2533.add_causal,,,,,
fina_2533.contradiction,,,,,
fina_2533.removal,,,,,
hist_23553.date_correction,,,,,
hist_23553.add_causal,,,,,
hist_23553.contradiction,,,,,
hist_23553.removal,,,,,
fina_geop_38230.date_correction,,,,,
fina_geop_38230.add_causal,,,,,
fina_geop_38230.contradiction,,,,,
fina_geop_38230.removal,,,,,
hist_47750.date_correction,,,,,
hist_47750.add_causal,,,,,
hist_47750.contradiction,,,,,
hist_47750.removal,,,,,
scie_37365.date_correction,,,,,
scie_37365.add_causal,,,,,
scie_37365.contradiction,,,,,
scie_37365.removal,,,,,
hist_22372.date_correction,,,,,
hist_22372.add_causal,,,,,
hist_22372.contradiction,,,,,
hist_22372.removal,,,,,
geop_11938.date_correction,,,,,
geop_11938.add_causal,,,,,
geop_11938.contradiction,,,,,
geop_11938.removal,,,,,
geop_19357.date_correction,,,,,
geop_19357.add_causal,,,,,
geop_19357.contradiction,,,,,
geop_19357.removal,,,,,
cult_12641.date_correction,,,,,
cult_12641.add_causal,,,,,
cult_12641.contradiction,,,,,
cult_12641.removal,,,,,
cult_10780.date_correction,,,,,
cult_10780.add_causal,,,,,
cult_10780.contradiction,,,,,
cult_10780.removal,,,,,
tech_44888.date_correction,,,,,
tech_44888.add_causal,,,,,
tech_44888.contradiction,,,,,
tech_44888.removal,,,,,
scie_36405.date_correction,,,,,
scie_36405.add_causal,,,,,
scie_36405.contradiction,,,,,
scie_36405.removal,,,,,
hist_7358.date_correction,,,,,
hist_7358.add_causal,,,,,
hist_7358.contradiction,,,,,
hist_7358.removal,,,,,
fina_tech_14783.date_correction,,,,,
fina_tech_14783.add_causal,,,,,
fina_tech_14783.contradiction,,,,,
fina_tech_14783.removal,,,,,
cult_10967.date_correction,,,,,
cult_10967.add_causal,,,,,
cult_10967.contradiction,,,,,
cult_10967.removal,,,,,
fina_4532.date_correction,,,,,
fina_4532.add_causal,,,,,
fina_4532.contradiction,,,,,
fina_4532.removal,,,,,
scie_28130.date_correction,,,,,
scie_28130.add_causal,,,,,
scie_28130.contradiction,,,,,
scie_28130.removal,,,,,
tech_42234.date_correction,,,,,
tech_42234.add_causal,,,,,
tech_42234.contradiction,,,,,
tech_42234.removal,,,,,
fina_geop_39022.date_correction,,,,,
fina_geop_39022.add_causal,,,,,
fina_geop_39022.contradiction,,,,,
fina_geop_39022.removal,,,,,
scie_36462.date_correction,,,,,
scie_36462.add_causal,,,,,
scie_36462.contradiction,,,,,
scie_36462.removal,,,,,
medi_scie_35619.date_correction,,,,,
medi_scie_35619.add_causal,,,,,
medi_scie_35619.contradiction,,,,,
medi_scie_35619.removal,,,,,
tech_hist_45617.date_correction,,,,,
tech_hist_45617.add_causal,,,,,
tech_hist_45617.contradiction,,,,,
tech_hist_45617.removal,,,,,
hist_2545.date_correction,,,,,
hist_2545.add_causal,,,,,
hist_2545.contradiction,,,,,
hist_2545.removal,,,,,
tech_28815.date_correction,,,,,
tech_28815.add_causal,,,,,
tech_28815.contradiction,,,,,
tech_28815.removal,,,,,
hist_22485.date_correction,,,,,
hist_22485.add_causal,,,,,
hist_22485.contradiction,,,,,
hist_22485.removal,,,,,
fina_42336.date_correction,,,,,
fina_42336.add_causal,,,,,
fina_42336.contradiction,,,,,
fina_42336.removal,,,,,
hist_6073.date_correction,,,,,
hist_6073.add_causal,,,,,
hist_6073.contradiction,,,,,
hist_6073.removal,,,,,
medi_34521.date_correction,,,,,
medi_34521.add_causal,,,,,
medi_34521.contradiction,,,,,
medi_34521.removal,,,,,
fina_195.date_correction,,,,,
fina_195.add_causal,,,,,
fina_195.contradiction,,,,,
fina_195.removal,,,,,
cult_8290.date_correction,,,,,
cult_8290.add_causal,,,,,
cult_8290.contradiction,,,,,
cult_8290.removal,,,,,
hist_20357.date_correction,,,,,
hist_20357.add_causal,,,,,
hist_20357.contradiction,,,,,
hist_20357.removal,,,,,
hist_7964.date_correction,,,,,
hist_7964.add_causal,,,,,
hist_7964.contradiction,,,,,
hist_7964.removal,,,,,
hist_26746.date_correction,,,,,
hist_26746.add_causal,,,,,
hist_26746.contradiction,,,,,
hist_26746.removal,,,,,
geop_19762.date_correction,,,,,
geop_19762.add_causal,,,,,
geop_19762.contradiction,,,,,
geop_19762.removal,,,,,
geop_17627.date_correction,,,,,
geop_17627.add_causal,,,,,
geop_17627.contradiction,,,,,
geop_17627.removal,,,,,
tech_37046.date_correction,,,,,
tech_37046.add_causal,,,,,
tech_37046.contradiction,,,,,
tech_37046.removal,,,,,
geop_fina_39162.date_correction,,,,,
geop_fina_39162.add_causal,,,,,
geop_fina_39162.contradiction,,,,,
geop_fina_39162.removal,,,,,
tech_45870.date_correction,,,,,
tech_45870.add_causal,,,,,
tech_45870.contradiction,,,,,
tech_45870.removal,,,,,
fina_5075.date_correction,,,,,
fina_5075.add_causal,,,,,
fina_5075.contradiction,,,,,
fina_5075.removal,,,,,
ecol_30801.date_correction,,,,,
ecol_30801.add_causal,,,,,
ecol_30801.contradiction,,,,,
ecol_30801.removal,,,,,
hist_34222.date_correction,,,,,
hist_34222.add_causal,,,,,
hist_34222.contradiction,,,,,
hist_34222.removal,,,,,
poli_24034.date_correction,,,,,
poli_24034.add_causal,,,,,
poli_24034.contradiction,,,,,
poli_24034.removal,,,,,
fina_2346.date_correction,,,,,
fina_2346.add_causal,,,,,
fina_2346.contradiction,,,,,
fina_2346.removal,,,,,
poli_375.date_correction,,,,,
poli_375.add_causal,,,,,
poli_375.contradiction,,,,,
poli_375.removal,,,,,
hist_20953.date_correction,,,,,
hist_20953.add_causal,,,,,
hist_20953.contradiction,,,,,
hist_20953.removal,,,,,
hist_geop_21941.date_correction,,,,,
hist_geop_21941.add_causal,,,,,
hist_geop_21941.contradiction,,,,,
hist_geop_21941.removal,,,,,
cult_10163.date_correction,,,,,
cult_10163.add_causal,,,,,
cult_10163.contradiction,,,,,
cult_10163.removal,,,,,
hist_32549.date_correction,,,,,
hist_32549.add_causal,,,,,
hist_32549.contradiction,,,,,
hist_32549.removal,,,,,
tech_36699.date_correction,,,,,
tech_36699.add_causal,,,,,
tech_36699.contradiction,,,,,
tech_36699.removal,,,,,
medi_34927.date_correction,,,,,
medi_34927.add_causal,,,,,
medi_34927.contradiction,,,,,
medi_34927.removal,,,,,
hist_33871.date_correction,,,,,
hist_33871.add_causal,,,,,
hist_33871.contradiction,,,,,
hist_33871.removal,,,,,
scie_31085.date_correction,,,,,
scie_31085.add_causal,,,,,
scie_31085.contradiction,,,,,
scie_31085.removal,,,,,
cult_14618.date_correction,,,,,
cult_14618.add_causal,,,,,
cult_14618.contradiction,,,,,
cult_14618.removal,,,,,
tech_43936.date_correction,,,,,
tech_43936.add_causal,,,,,
tech_43936.contradiction,,,,,
tech_43936.removal,,,,,
cult_13581.date_correction,,,,,
cult_13581.add_causal,,,,,
cult_13581.contradiction,,,,,
cult_13581.removal,,,,,
geop_19438.date_correction,,,,,
geop_19438.add_causal,,,,,
geop_19438.contradiction,,,,,
geop_19438.removal,,,,,
fina_2081.date_correction,,,,,
fina_2081.add_causal,,,,,
fina_2081.contradiction,,,,,
fina_2081.removal,,,,,
scie_24656.date_correction,,,,,
scie_24656.add_causal,,,,,
scie_24656.contradiction,,,,,
scie_24656.removal,,,,,
scie_32865.date_correction,,,,,
scie_32865.add_causal,,,,,
scie_32865.contradiction,,,,,
scie_32865.removal,,,,,
fina_tech_46867.date_correction,,,,,
fina_tech_46867.add_causal,,,,,
fina_tech_46867.contradiction,,,,,
fina_tech_46867.removal,,,,,
cult_10295.date_correction,,,,,
cult_10295.add_causal,,,,,
cult_10295.contradiction,,,,,
cult_10295.removal,,,,,
tech_48450.date_correction,,,,,
tech_48450.add_causal,,,,,
tech_48450.contradiction,,,,,
tech_48450.removal,,,,,
cult_9593.date_correction,,,,,
cult_9593.add_causal,,,,,
cult_9593.contradiction,,,,,
cult_9593.removal,,,,,
geop_16930.date_correction,,,,,
geop_16930.add_causal,,,,,
geop_16930.contradiction,,,,,
geop_16930.removal,,,,,
scie_27882.date_correction,,,,,
scie_27882.add_causal,,,,,
scie_27882.contradiction,,,,,
scie_27882.removal,,,,,
tech_44889.date_correction,,,,,
tech_44889.add_causal,,,,,
tech_44889.contradiction,,,,,
tech_44889.removal,,,,,
cult_14102.date_correction,,,,,
cult_14102.add_causal,,,,,
cult_14102.contradiction,,,,,
cult_14102.removal,,,,,
geop_16946.date_correction,,,,,
geop_16946.add_causal,,,,,
geop_16946.contradiction,,,,,
geop_16946.removal,,,,,
scie_27849.date_correction,,,,,
scie_27849.add_causal,,,,,
scie_27849.contradiction,,,,,
scie_27849.removal,,,,,
fina_geop_38556.date_correction,,,,,
fina_geop_38556.add_causal,,,,,
fina_geop_38556.contradiction,,,,,
fina_geop_38556.removal,,,,,
geop_15453.date_correction,,,,,
geop_15453.add_causal,,,,,
geop_15453.contradiction,,,,,
geop_15453.removal,,,,,
tech_23305.date_correction,,,,,
tech_23305.add_causal,,,,,
tech_23305.contradiction,,,,,
tech_23305.removal,,,,,
musi_50721.date_correction,,,,,
musi_50721.add_causal,,,,,
musi_50721.contradiction,,,,,
musi_50721.removal,,,,,
geop_16009.date_correction,,,,,
geop_16009.add_causal,,,,,
geop_16009.contradiction,,,,,
geop_16009.removal,,,,,
fina_38824.date_correction,,,,,
fina_38824.add_causal,,,,,
fina_38824.contradiction,,,,,
fina_38824.removal,,,,,
geop_18835.date_correction,,,,,
geop_18835.add_causal,,,,,
geop_18835.contradiction,,,,,
geop_18835.removal,,,,,
medi_28048.date_correction,,,,,
medi_28048.add_causal,,,,,
medi_28048.contradiction,,,,,
medi_28048.removal,,,,,
cult_13360.date_correction,,,,,
cult_13360.add_causal,,,,,
cult_13360.contradiction,,,,,
cult_13360.removal,,,,,
fina_42049.date_correction,,,,,
fina_42049.add_causal,,,,,
fina_42049.contradiction,,,,,
fina_42049.removal,,,,,
hist_22994.date_correction,,,,,
hist_22994.add_causal,,,,,
hist_22994.contradiction,,,,,
hist_22994.removal,,,,,
scie_27886.date_correction,,,,,
scie_27886.add_causal,,,,,
scie_27886.contradiction,,,,,
scie_27886.removal,,,,,
fina_2498.date_correction,,,,,
fina_2498.add_causal,,,,,
fina_2498.contradiction,,,,,
fina_2498.removal,,,,,
civi_20773.date_correction,,,,,
civi_20773.add_causal,,,,,
civi_20773.contradiction,,,,,
civi_20773.removal,,,,,
hist_26064.date_correction,,,,,
hist_26064.add_causal,,,,,
hist_26064.contradiction,,,,,
hist_26064.removal,,,,,
medi_30197.date_correction,,,,,
medi_30197.add_causal,,,,,
medi_30197.contradiction,,,,,
medi_30197.removal,,,,,
hist_5686.date_correction,,,,,
hist_5686.add_causal,,,,,
hist_5686.contradiction,,,,,
hist_5686.removal,,,,,
fina_4495.date_correction,,,,,
fina_4495.add_causal,,,,,
fina_4495.contradiction,,,,,
fina_4495.removal,,,,,
spor_49753.date_correction,,,,,
spor_49753.add_causal,,,,,
spor_49753.contradiction,,,,,
spor_49753.removal,,,,,
tech_2989.date_correction,,,,,
tech_2989.add_causal,,,,,
tech_2989.contradiction,,,,,
tech_2989.removal,,,,,
hist_fina_39330.date_correction,,,,,
hist_fina_39330.add_causal,,,,,
hist_fina_39330.contradiction,,,,,
hist_fina_39330.removal,,,,,
hist_269.date_correction,,,,,
hist_269.add_causal,,,,,
hist_269.contradiction,,,,,
hist_269.removal,,,,,
fina_42877.date_correction,,,,,
fina_42877.add_causal,,,,,
fina_42877.contradiction,,,,,
fina_42877.removal,,,,,
musi_50783.date_correction,,,,,
musi_50783.add_causal,,,,,
musi_50783.contradiction,,,,,
musi_50783.removal,,,,,
geop_fina_20081.date_correction,,,,,
geop_fina_20081.add_causal,,,,,
geop_fina_20081.contradiction,,,,,
geop_fina_20081.removal,,,,,
cult_12480.date_correction,,,,,
cult_12480.add_causal,,,,,
cult_12480.contradiction,,,,,
cult_12480.removal,,,,,
tech_29464.date_correction,,,,,
tech_29464.add_causal,,,,,
tech_29464.contradiction,,,,,
tech_29464.removal,,,,,
scie_hist_31512.date_correction,,,,,
scie_hist_31512.add_causal,,,,,
scie_hist_31512.contradiction,,,,,
scie_hist_31512.removal,,,,,
scie_36362.date_correction,,,,,
scie_36362.add_causal,,,,,
scie_36362.contradiction,,,,,
scie_36362.removal,,,,,
hist_21817.date_correction,,,,,
hist_21817.add_causal,,,,,
hist_21817.contradiction,,,,,
hist_21817.removal,,,,,
hist_4018.date_correction,,,,,
hist_4018.add_causal,,,,,
hist_4018.contradiction,,,,,
hist_4018.removal,,,,,
geop_18971.date_correction,,,,,
geop_18971.add_causal,,,,,
geop_18971.contradiction,,,,,
geop_18971.removal,,,,,
medi_34617.date_correction,,,,,
medi_34617.add_causal,,,,,
medi_34617.contradiction,,,,,
medi_34617.removal,,,,,
hist_28511.date_correction,,,,,
hist_28511.add_causal,,,,,
hist_28511.contradiction,,,,,
hist_28511.removal,,,,,
cult_8978.date_correction,,,,,
cult_8978.add_causal,,,,,
cult_8978.contradiction,,,,,
cult_8978.removal,,,,,
cult_9724.date_correction,,,,,
cult_9724.add_causal,,,,,
cult_9724.contradiction,,,,,
cult_9724.removal,,,,,
hist_tech_3448.date_correction,,,,,
hist_tech_3448.add_causal,,,,,
hist_tech_3448.contradiction,,,,,
hist_tech_3448.removal,,,,,
hist_7336.date_correction,,,,,
hist_7336.add_causal,,,,,
hist_7336.contradiction,,,,,
hist_7336.removal,,,,,
hist_scie_24156.date_correction,,,,,
hist_scie_24156.add_causal,,,,,
hist_scie_24156.contradiction,,,,,
hist_scie_24156.removal,,,,,
cult_10241.date_correction,,,,,
cult_10241.add_causal,,,,,
cult_10241.contradiction,,,,,
cult_10241.removal,,,,,
cult_14305.date_correction,,,,,
cult_14305.add_causal,,,,,
cult_14305.contradiction,,,,,
cult_14305.removal,,,,,
hist_20185.date_correction,,,,,
hist_20185.add_causal,,,,,
hist_20185.contradiction,,,,,
hist_20185.removal,,,,,
geop_19883.date_correction,,,,,
geop_19883.add_causal,,,,,
geop_19883.contradiction,,,,,
geop_19883.removal,,,,,
fina_39554.date_correction,,,,,
fina_39554.add_causal,,,,,
fina_39554.contradiction,,,,,
fina_39554.removal,,,,,
hist_25455.date_correction,,,,,
hist_25455.add_causal,,,,,
hist_25455.contradiction,,,,,
hist_25455.removal,,,,,
geop_19069.date_correction,,,,,
geop_19069.add_causal,,,,,
geop_19069.contradiction,,,,,
geop_19069.removal,,,,,
busi_2188.date_correction,,,,,
busi_2188.add_causal,,,,,
busi_2188.contradiction,,,,,
busi_2188.removal,,,,,
hist_22783.date_correction,,,,,
hist_22783.add_causal,,,,,
hist_22783.contradiction,,,,,
hist_22783.removal,,,,,
cult_8407.date_correction,,,,,
cult_8407.add_causal,,,,,
cult_8407.contradiction,,,,,
cult_8407.removal,,,,,
fina_6532.date_correction,,,,,
fina_6532.add_causal,,,,,
fina_6532.contradiction,,,,,
fina_6532.removal,,,,,
hist_tech_23663.date_correction,,,,,
hist_tech_23663.add_causal,,,,,
hist_tech_23663.contradiction,,,,,
hist_tech_23663.removal,,,,,
medi_32178.date_correction,,,,,
medi_32178.add_causal,,,,,
medi_32178.contradiction,,,,,
medi_32178.removal,,,,,
tech_hist_28964.date_correction,,,,,
tech_hist_28964.add_causal,,,,,
tech_hist_28964.contradiction,,,,,
tech_hist_28964.removal,,,,,
fina_geop_38375.date_correction,,,,,
fina_geop_38375.add_causal,,,,,
fina_geop_38375.contradiction,,,,,
fina_geop_38375.removal,,,,,
fina_tech_cult_38247.date_correction,,,,,
fina_tech_cult_38247.add_causal,,,,,
fina_tech_cult_38247.contradiction,,,,,
fina_tech_cult_38247.removal,,,,,
geop_28465.date_correction,,,,,
geop_28465.add_causal,,,,,
geop_28465.contradiction,,,,,
geop_28465.removal,,,,,
fina_2856.date_correction,,,,,
fina_2856.add_causal,,,,,
fina_2856.contradiction,,,,,
fina_2856.removal,,,,,
hist_23008.date_correction,,,,,
hist_23008.add_causal,,,,,
hist_23008.contradiction,,,,,
hist_23008.removal,,,,,
medi_35077.date_correction,,,,,
medi_35077.add_causal,,,,,
medi_35077.contradiction,,,,,
medi_35077.removal,,,,,
geop_19367.date_correction,,,,,
geop_19367.add_causal,,,,,
geop_19367.contradiction,,,,,
geop_19367.removal,,,,,
cult_8478.date_correction,,,,,
cult_8478.add_causal,,,,,
cult_8478.contradiction,,,,,
cult_8478.removal,,,,,
hist_3223.date_correction,,,,,
hist_3223.add_causal,,,,,
hist_3223.contradiction,,,,,
hist_3223.removal,,,,,
hist_21152.date_correction,,,,,
hist_21152.add_causal,,,,,
hist_21152.contradiction,,,,,
hist_21152.removal,,,,,
cult_10921.date_correction,,,,,
cult_10921.add_causal,,,,,
cult_10921.contradiction,,,,,
cult_10921.removal,,,,,
tech_hist_35757.date_correction,,,,,
tech_hist_35757.add_causal,,,,,
tech_hist_35757.contradiction,,,,,
tech_hist_35757.removal,,,,,
fina_geop_48534.date_correction,,,,,
fina_geop_48534.add_causal,,,,,
fina_geop_48534.contradiction,,,,,
fina_geop_48534.removal,,,,,
fina_8234.date_correction,,,,,
fina_8234.add_causal,,,,,
fina_8234.contradiction,,,,,
fina_8234.removal,,,,,
hist_324.date_correction,,,,,
hist_324.add_causal,,,,,
hist_324.contradiction,,,,,
hist_324.removal,,,,,
geop_16262.date_correction,,,,,
geop_16262.add_causal,,,,,
geop_16262.contradiction,,,,,
geop_16262.removal,,,,,
tech_44728.date_correction,,,,,
tech_44728.add_causal,,,,,
tech_44728.contradiction,,,,,
tech_44728.removal,,,,,
cult_9814.date_correction,,,,,
cult_9814.add_causal,,,,,
cult_9814.contradiction,,,,,
cult_9814.removal,,,,,
scie_tech_hist_5878.date_correction,,,,,
scie_tech_hist_5878.add_causal,,,,,
scie_tech_hist_5878.contradiction,,,,,
scie_tech_hist_5878.removal,,,,,
scie_31393.date_correction,,,,,
scie_31393.add_causal,,,,,
scie_31393.contradiction,,,,,
scie_31393.removal,,,,,
medi_24359.date_correction,,,,,
medi_24359.add_causal,,,,,
medi_24359.contradiction,,,,,
medi_24359.removal,,,,,
fina_4612.date_correction,,,,,
fina_4612.add_causal,,,,,
fina_4612.contradiction,,,,,
fina_4612.removal,,,,,
fina_22611.date_correction,,,,,
fina_22611.add_causal,,,,,
fina_22611.contradiction,,,,,
fina_22611.removal,,,,,
geop_17307.date_correction,,,,,
geop_17307.add_causal,,,,,
geop_17307.contradiction,,,,,
geop_17307.removal,,,,,
cult_14009.date_correction,,,,,
cult_14009.add_causal,,,,,
cult_14009.contradiction,,,,,
cult_14009.removal,,,,,
hist_3077.date_correction,,,,,
hist_3077.add_causal,,,,,
hist_3077.contradiction,,,,,
hist_3077.removal,,,,,
busi_47139.date_correction,,,,,
busi_47139.add_causal,,,,,
busi_47139.contradiction,,,,,
busi_47139.removal,,,,,
geop_15586.date_correction,,,,,
geop_15586.add_causal,,,,,
geop_15586.contradiction,,,,,
geop_15586.removal,,,,,
fina_43745.date_correction,,,,,
fina_43745.add_causal,,,,,
fina_43745.contradiction,,,,,
fina_43745.removal,,,,,
geop_15646.date_correction,,,,,
geop_15646.add_causal,,,,,
geop_15646.contradiction,,,,,
geop_15646.removal,,,,,
hist_medi_34081.date_correction,,,,,
hist_medi_34081.add_causal,,,,,
hist_medi_34081.contradiction,,,,,
hist_medi_34081.removal,,,,,
spor_50103.date_correction,,,,,
spor_50103.add_causal,,,,,
spor_50103.contradiction,,,,,
spor_50103.removal,,,,,
soft_28876.date_correction,,,,,
soft_28876.add_causal,,,,,
soft_28876.contradiction,,,,,
soft_28876.removal,,,,,
cult_12783.date_correction,,,,,
cult_12783.add_causal,,,,,
cult_12783.contradiction,,,,,
cult_12783.removal,,,,,
medi_37587.date_correction,,,,,
medi_37587.add_causal,,,,,
medi_37587.contradiction,,,,,
medi_37587.removal,,,,,
hist_25766.date_correction,,,,,
hist_25766.add_causal,,,,,
hist_25766.contradiction,,,,,
hist_25766.removal,,,,,
fina_40692.date_correction,,,,,
fina_40692.add_causal,,,,,
fina_40692.contradiction,,,,,
fina_40692.removal,,,,,
hist_3554.date_correction,,,,,
hist_3554.add_causal,,,,,
hist_3554.contradiction,,,,,
hist_3554.removal,,,,,
tech_35869.date_correction,,,,,
tech_35869.add_causal,,,,,
tech_35869.contradiction,,,,,
tech_35869.removal,,,,,
hist_tech_3405.date_correction,,,,,
hist_tech_3405.add_causal,,,,,
hist_tech_3405.contradiction,,,,,
hist_tech_3405.removal,,,,,
hist_7561.date_correction,,,,,
hist_7561.add_causal,,,,,
hist_7561.contradiction,,,,,
hist_7561.removal,,,,,
geop_40215.date_correction,,,,,
geop_40215.add_causal,,,,,
geop_40215.contradiction,,,,,
geop_40215.removal,,,,,
cult_8990.date_correction,,,,,
cult_8990.add_causal,,,,,
cult_8990.contradiction,,,,,
cult_8990.removal,,,,,
medi_34998.date_correction,,,,,
medi_34998.add_causal,,,,,
medi_34998.contradiction,,,,,
medi_34998.removal,,,,,
spor_49874.date_correction,,,,,
spor_49874.add_causal,,,,,
spor_49874.contradiction,,,,,
spor_49874.removal,,,,,
poli_24300.date_correction,,,,,
poli_24300.add_causal,,,,,
poli_24300.contradiction,,,,,
poli_24300.removal,,,,,
medi_34981.date_correction,,,,,
medi_34981.add_causal,,,,,
medi_34981.contradiction,,,,,
medi_34981.removal,,,,,
hist_25993.date_correction,,,,,
hist_25993.add_causal,,,,,
hist_25993.contradiction,,,,,
hist_25993.removal,,,,,
geop_19631.date_correction,,,,,
geop_19631.add_causal,,,,,
geop_19631.contradiction,,,,,
geop_19631.removal,,,,,
cult_9766.date_correction,,,,,
cult_9766.add_causal,,,,,
cult_9766.contradiction,,,,,
cult_9766.removal,,,,,
tech_hist_35762.date_correction,,,,,
tech_hist_35762.add_causal,,,,,
tech_hist_35762.contradiction,,,,,
tech_hist_35762.removal,,,,,
geop_19523.date_correction,,,,,
geop_19523.add_causal,,,,,
geop_19523.contradiction,,,,,
geop_19523.removal,,,,,
geop_17091.date_correction,,,,,
geop_17091.add_causal,,,,,
geop_17091.contradiction,,,,,
geop_17091.removal,,,,,
hist_5695.date_correction,,,,,
hist_5695.add_causal,,,,,
hist_5695.contradiction,,,,,
hist_5695.removal,,,,,
medi_24426.date_correction,,,,,
medi_24426.add_causal,,,,,
medi_24426.contradiction,,,,,
medi_24426.removal,,,,,
hist_tech_3414.date_correction,,,,,
hist_tech_3414.add_causal,,,,,
hist_tech_3414.contradiction,,,,,
hist_tech_3414.removal,,,,,
tech_1993.date_correction,,,,,
tech_1993.add_causal,,,,,
tech_1993.contradiction,,,,,
tech_1993.removal,,,,,
cult_10947.date_correction,,,,,
cult_10947.add_causal,,,,,
cult_10947.contradiction,,,,,
cult_10947.removal,,,,,
tech_fina_47700.date_correction,,,,,
tech_fina_47700.add_causal,,,,,
tech_fina_47700.contradiction,,,,,
tech_fina_47700.removal,,,,,
fina_1022.date_correction,,,,,
fina_1022.add_causal,,,,,
fina_1022.contradiction,,,,,
fina_1022.removal,,,,,
hist_7023.date_correction,,,,,
hist_7023.add_causal,,,,,
hist_7023.contradiction,,,,,
hist_7023.removal,,,,,
hist_34359.date_correction,,,,,
hist_34359.add_causal,,,,,
hist_34359.contradiction,,,,,
hist_34359.removal,,,,,
fina_46992.date_correction,,,,,
fina_46992.add_causal,,,,,
fina_46992.contradiction,,,,,
fina_46992.removal,,,,,
geop_17780.date_correction,,,,,
geop_17780.add_causal,,,,,
geop_17780.contradiction,,,,,
geop_17780.removal,,,,,
tech_5960.date_correction,,,,,
tech_5960.add_causal,,,,,
tech_5960.contradiction,,,,,
tech_5960.removal,,,,,
hist_21868.date_correction,,,,,
hist_21868.add_causal,,,,,
hist_21868.contradiction,,,,,
hist_21868.removal,,,,,
hist_fina_41137.date_correction,,,,,
hist_fina_41137.add_causal,,,,,
hist_fina_41137.contradiction,,,,,
hist_fina_41137.removal,,,,,
scie_27816.date_correction,,,,,
scie_27816.add_causal,,,,,
scie_27816.contradiction,,,,,
scie_27816.removal,,,,,
cult_10522.date_correction,,,,,
cult_10522.add_causal,,,,,
cult_10522.contradiction,,,,,
cult_10522.removal,,,,,
hist_geop_40793.date_correction,,,,,
hist_geop_40793.add_causal,,,,,
hist_geop_40793.contradiction,,,,,
hist_geop_40793.removal,,,,,
tech_44248.date_correction,,,,,
tech_44248.add_causal,,,,,
tech_44248.contradiction,,,,,
tech_44248.removal,,,,,
fina_46985.date_correction,,,,,
fina_46985.add_causal,,,,,
fina_46985.contradiction,,,,,
fina_46985.removal,,,,,
tech_45989.date_correction,,,,,
tech_45989.add_causal,,,,,
tech_45989.contradiction,,,,,
tech_45989.removal,,,,,
geop_19036.date_correction,,,,,
geop_19036.add_causal,,,,,
geop_19036.contradiction,,,,,
geop_19036.removal,,,,,
spor_50006.date_correction,,,,,
spor_50006.add_causal,,,,,
spor_50006.contradiction,,,,,
spor_50006.removal,,,,,
fina_2674.date_correction,,,,,
fina_2674.add_causal,,,,,
fina_2674.contradiction,,,,,
fina_2674.removal,,,,,
hist_7171.date_correction,,,,,
hist_7171.add_causal,,,,,
hist_7171.contradiction,,,,,
hist_7171.removal,,,,,
tech_6205.date_correction,,,,,
tech_6205.add_causal,,,,,
tech_6205.contradiction,,,,,
tech_6205.removal,,,,,
hist_20218.date_correction,,,,,
hist_20218.add_causal,,,,,
hist_20218.contradiction,,,,,
hist_20218.removal,,,,,
hist_26596.date_correction,,,,,
hist_26596.add_causal,,,,,
hist_26596.contradiction,,,,,
hist_26596.removal,,,,,
geop_25412.date_correction,,,,,
geop_25412.add_causal,,,,,
geop_25412.contradiction,,,,,
geop_25412.removal,,,,,
scie_30889.date_correction,,,,,
scie_30889.add_causal,,,,,
scie_30889.contradiction,,,,,
scie_30889.removal,,,,,
hist_25570.date_correction,,,,,
hist_25570.add_causal,,,,,
hist_25570.contradiction,,,,,
hist_25570.removal,,,,,
geop_17549.date_correction,,,,,
geop_17549.add_causal,,,,,
geop_17549.contradiction,,,,,
geop_17549.removal,,,,,
cult_9887.date_correction,,,,,
cult_9887.add_causal,,,,,
cult_9887.contradiction,,,,,
cult_9887.removal,,,,,
cult_9798.date_correction,,,,,
cult_9798.add_causal,,,,,
cult_9798.contradiction,,,,,
cult_9798.removal,,,,,
tech_29509.date_correction,,,,,
tech_29509.add_causal,,,,,
tech_29509.contradiction,,,,,
tech_29509.removal,,,,,
geop_19724.date_correction,,,,,
geop_19724.add_causal,,,,,
geop_19724.contradiction,,,,,
geop_19724.removal,,,,,
hist_241.date_correction,,,,,
hist_241.add_causal,,,,,
hist_241.contradiction,,,,,
hist_241.removal,,,,,
medi_34504.date_correction,,,,,
medi_34504.add_causal,,,,,
medi_34504.contradiction,,,,,
medi_34504.removal,,,,,
busi_1918.date_correction,,,,,
busi_1918.add_causal,,,,,
busi_1918.contradiction,,,,,
busi_1918.removal,,,,,
medi_34890.date_correction,,,,,
medi_34890.add_causal,,,,,
medi_34890.contradiction,,,,,
medi_34890.removal,,,,,
geop_16977.date_correction,,,,,
geop_16977.add_causal,,,,,
geop_16977.contradiction,,,,,
geop_16977.removal,,,,,
geop_18107.date_correction,,,,,
geop_18107.add_causal,,,,,
geop_18107.contradiction,,,,,
geop_18107.removal,,,,,
medi_hist_21757.date_correction,,,,,
medi_hist_21757.add_causal,,,,,
medi_hist_21757.contradiction,,,,,
medi_hist_21757.removal,,,,,
cult_14836.date_correction,,,,,
cult_14836.add_causal,,,,,
cult_14836.contradiction,,,,,
cult_14836.removal,,,,,
geop_16209.date_correction,,,,,
geop_16209.add_causal,,,,,
geop_16209.contradiction,,,,,
geop_16209.removal,,,,,
hist_24577.date_correction,,,,,
hist_24577.add_causal,,,,,
hist_24577.contradiction,,,,,
hist_24577.removal,,,,,
scie_27278.date_correction,,,,,
scie_27278.add_causal,,,,,
scie_27278.contradiction,,,,,
scie_27278.removal,,,,,
cult_10262.date_correction,,,,,
cult_10262.add_causal,,,,,
cult_10262.contradiction,,,,,
cult_10262.removal,,,,,
spor_49996.date_correction,,,,,
spor_49996.add_causal,,,,,
spor_49996.contradiction,,,,,
spor_49996.removal,,,,,
scie_31729.date_correction,,,,,
scie_31729.add_causal,,,,,
scie_31729.contradiction,,,,,
scie_31729.removal,,,,,
hist_26821.date_correction,,,,,
hist_26821.add_causal,,,,,
hist_26821.contradiction,,,,,
hist_26821.removal,,,,,
geop_17136.date_correction,,,,,
geop_17136.add_causal,,,,,
geop_17136.contradiction,,,,,
geop_17136.removal,,,,,
medi_30223.date_correction,,,,,
medi_30223.add_causal,,,,,
medi_30223.contradiction,,,,,
medi_30223.removal,,,,,
tech_37914.date_correction,,,,,
tech_37914.add_causal,,,,,
tech_37914.contradiction,,,,,
tech_37914.removal,,,,,
medi_35184.date_correction,,,,,
medi_35184.add_causal,,,,,
medi_35184.contradiction,,,,,
medi_35184.removal,,,,,
medi_30360.date_correction,,,,,
medi_30360.add_causal,,,,,
medi_30360.contradiction,,,,,
medi_30360.removal,,,,,
cult_12708.date_correction,,,,,
cult_12708.add_causal,,,,,
cult_12708.contradiction,,,,,
cult_12708.removal,,,,,
spor_50286.date_correction,,,,,
spor_50286.add_causal,,,,,
spor_50286.contradiction,,,,,
spor_50286.removal,,,,,
hist_24617.date_correction,,,,,
hist_24617.add_causal,,,,,
hist_24617.contradiction,,,,,
hist_24617.removal,,,,,
fina_46859.date_correction,,,,,
fina_46859.add_causal,,,,,
fina_46859.contradiction,,,,,
fina_46859.removal,,,,,
scie_31208.date_correction,,,,,
scie_31208.add_causal,,,,,
scie_31208.contradiction,,,,,
scie_31208.removal,,,,,
cult_12499.date_correction,,,,,
cult_12499.add_causal,,,,,
cult_12499.contradiction,,,,,
cult_12499.removal,,,,,
busi_1905.date_correction,,,,,
busi_1905.add_causal,,,,,
busi_1905.contradiction,,,,,
busi_1905.removal,,,,,
medi_37564.date_correction,,,,,
medi_37564.add_causal,,,,,
medi_37564.contradiction,,,,,
medi_37564.removal,,,,,
fina_2241.date_correction,,,,,
fina_2241.add_causal,,,,,
fina_2241.contradiction,,,,,
fina_2241.removal,,,,,
scie_hist_31591.date_correction,,,,,
scie_hist_31591.add_causal,,,,,
scie_hist_31591.contradiction,,,,,
scie_hist_31591.removal,,,,,
scie_32826.date_correction,,,,,
scie_32826.add_causal,,,,,
scie_32826.contradiction,,,,,
scie_32826.removal,,,,,
geop_11713.date_correction,,,,,
geop_11713.add_causal,,,,,
geop_11713.contradiction,,,,,
geop_11713.removal,,,,,
hist_8211.date_correction,,,,,
hist_8211.add_causal,,,,,
hist_8211.contradiction,,,,,
hist_8211.removal,,,,,
fina_6743.date_correction,,,,,
fina_6743.add_causal,,,,,
fina_6743.contradiction,,,,,
fina_6743.removal,,,,,
hist_361.date_correction,,,,,
hist_361.add_causal,,,,,
hist_361.contradiction,,,,,
hist_361.removal,,,,,
fina_38613.date_correction,,,,,
fina_38613.add_causal,,,,,
fina_38613.contradiction,,,,,
fina_38613.removal,,,,,
cult_8712.date_correction,,,,,
cult_8712.add_causal,,,,,
cult_8712.contradiction,,,,,
cult_8712.removal,,,,,
hist_20140.date_correction,,,,,
hist_20140.add_causal,,,,,
hist_20140.contradiction,,,,,
hist_20140.removal,,,,,
hist_5287.date_correction,,,,,
hist_5287.add_causal,,,,,
hist_5287.contradiction,,,,,
hist_5287.removal,,,,,
hist_32574.date_correction,,,,,
hist_32574.add_causal,,,,,
hist_32574.contradiction,,,,,
hist_32574.removal,,,,,
medi_37449.date_correction,,,,,
medi_37449.add_causal,,,,,
medi_37449.contradiction,,,,,
medi_37449.removal,,,,,
hist_geop_34180.date_correction,,,,,
hist_geop_34180.add_causal,,,,,
hist_geop_34180.contradiction,,,,,
hist_geop_34180.removal,,,,,
fina_47552.date_correction,,,,,
fina_47552.add_causal,,,,,
fina_47552.contradiction,,,,,
fina_47552.removal,,,,,
hist_3631.date_correction,,,,,
hist_3631.add_causal,,,,,
hist_3631.contradiction,,,,,
hist_3631.removal,,,,,
cult_14045.date_correction,,,,,
cult_14045.add_causal,,,,,
cult_14045.contradiction,,,,,
cult_14045.removal,,,,,
tech_fina_46289.date_correction,,,,,
tech_fina_46289.add_causal,,,,,
tech_fina_46289.contradiction,,,,,
tech_fina_46289.removal,,,,,
tech_48907.date_correction,,,,,
tech_48907.add_causal,,,,,
tech_48907.contradiction,,,,,
tech_48907.removal,,,,,
fina_42595.date_correction,,,,,
fina_42595.add_causal,,,,,
fina_42595.contradiction,,,,,
fina_42595.removal,,,,,
fina_45365.date_correction,,,,,
fina_45365.add_causal,,,,,
fina_45365.contradiction,,,,,
fina_45365.removal,,,,,
scie_28084.date_correction,,,,,
scie_28084.add_causal,,,,,
scie_28084.contradiction,,,,,
scie_28084.removal,,,,,
busi_1771.date_correction,,,,,
busi_1771.add_causal,,,,,
busi_1771.contradiction,,,,,
busi_1771.removal,,,,,
medi_34853.date_correction,,,,,
medi_34853.add_causal,,,,,
medi_34853.contradiction,,,,,
medi_34853.removal,,,,,
hist_1444.date_correction,,,,,
hist_1444.add_causal,,,,,
hist_1444.contradiction,,,,,
hist_1444.removal,,,,,
tech_50982.date_correction,,,,,
tech_50982.add_causal,,,,,
tech_50982.contradiction,,,,,
tech_50982.removal,,,,,
cult_44699.date_correction,,,,,
cult_44699.add_causal,,,,,
cult_44699.contradiction,,,,,
cult_44699.removal,,,,,
cult_9399.date_correction,,,,,
cult_9399.add_causal,,,,,
cult_9399.contradiction,,,,,
cult_9399.removal,,,,,
geop_19542.date_correction,,,,,
geop_19542.add_causal,,,,,
geop_19542.contradiction,,,,,
geop_19542.removal,,,,,
fina_40616.date_correction,,,,,
fina_40616.add_causal,,,,,
fina_40616.contradiction,,,,,
fina_40616.removal,,,,,
cult_10076.date_correction,,,,,
cult_10076.add_causal,,,,,
cult_10076.contradiction,,,,,
cult_10076.removal,,,,,
fina_42680.date_correction,,,,,
fina_42680.add_causal,,,,,
fina_42680.contradiction,,,,,
fina_42680.removal,,,,,
hist_3512.date_correction,,,,,
hist_3512.add_causal,,,,,
hist_3512.contradiction,,,,,
hist_3512.removal,,,,,
tech_48030.date_correction,,,,,
tech_48030.add_causal,,,,,
tech_48030.contradiction,,,,,
tech_48030.removal,,,,,
scie_32819.date_correction,,,,,
scie_32819.add_causal,,,,,
scie_32819.contradiction,,,,,
scie_32819.removal,,,,,
medi_28052.date_correction,,,,,
medi_28052.add_causal,,,,,
medi_28052.contradiction,,,,,
medi_28052.removal,,,,,
tech_49267.date_correction,,,,,
tech_49267.add_causal,,,,,
tech_49267.contradiction,,,,,
tech_49267.removal,,,,,
geop_16871.date_correction,,,,,
geop_16871.add_causal,,,,,
geop_16871.contradiction,,,,,
geop_16871.removal,,,,,
cult_14793.date_correction,,,,,
cult_14793.add_causal,,,,,
cult_14793.contradiction,,,,,
cult_14793.removal,,,,,
medi_31889.date_correction,,,,,
medi_31889.add_causal,,,,,
medi_31889.contradiction,,,,,
medi_31889.removal,,,,,
hist_1410.date_correction,,,,,
hist_1410.add_causal,,,,,
hist_1410.contradiction,,,,,
hist_1410.removal,,,,,
hist_geop_39869.date_correction,,,,,
hist_geop_39869.add_causal,,,,,
hist_geop_39869.contradiction,,,,,
hist_geop_39869.removal,,,,,
tech_6157.date_correction,,,,,
tech_6157.add_causal,,,,,
tech_6157.contradiction,,,,,
tech_6157.removal,,,,,
hist_15971.date_correction,,,,,
hist_15971.add_causal,,,,,
hist_15971.contradiction,,,,,
hist_15971.removal,,,,,
civi_20733.date_correction,,,,,
civi_20733.add_causal,,,,,
civi_20733.contradiction,,,,,
civi_20733.removal,,,,,
medi_hist_34768.date_correction,,,,,
medi_hist_34768.add_causal,,,,,
medi_hist_34768.contradiction,,,,,
medi_hist_34768.removal,,,,,
scie_33038.date_correction,,,,,
scie_33038.add_causal,,,,,
scie_33038.contradiction,,,,,
scie_33038.removal,,,,,
fina_629.date_correction,,,,,
fina_629.add_causal,,,,,
fina_629.contradiction,,,,,
fina_629.removal,,,,,
medi_37458.date_correction,,,,,
medi_37458.add_causal,,,,,
medi_37458.contradiction,,,,,
medi_37458.removal,,,,,
tech_29457.date_correction,,,,,
tech_29457.add_causal,,,,,
tech_29457.contradiction,,,,,
tech_29457.removal,,,,,
spor_49860.date_correction,,,,,
spor_49860.add_causal,,,,,
spor_49860.contradiction,,,,,
spor_49860.removal,,,,,
hist_22280.date_correction,,,,,
hist_22280.add_causal,,,,,
hist_22280.contradiction,,,,,
hist_22280.removal,,,,,
fina_42851.date_correction,,,,,
fina_42851.add_causal,,,,,
fina_42851.contradiction,,,,,
fina_42851.removal,,,,,
cult_14447.date_correction,,,,,
cult_14447.add_causal,,,,,
cult_14447.contradiction,,,,,
cult_14447.removal,,,,,
fina_39875.date_correction,,,,,
fina_39875.add_causal,,,,,
fina_39875.contradiction,,,,,
fina_39875.removal,,,,,
hist_3331.date_correction,,,,,
hist_3331.add_causal,,,,,
hist_3331.contradiction,,,,,
hist_3331.removal,,,,,
hist_34392.date_correction,,,,,
hist_34392.add_causal,,,,,
hist_34392.contradiction,,,,,
hist_34392.removal,,,,,
tech_45974.date_correction,,,,,
tech_45974.add_causal,,,,,
tech_45974.contradiction,,,,,
tech_45974.removal,,,,,
medi_28002.date_correction,,,,,
medi_28002.add_causal,,,,,
medi_28002.contradiction,,,,,
medi_28002.removal,,,,,
geop_15430.date_correction,,,,,
geop_15430.add_causal,,,,,
geop_15430.contradiction,,,,,
geop_15430.removal,,,,,
scie_geop_33433.date_correction,,,,,
scie_geop_33433.add_causal,,,,,
scie_geop_33433.contradiction,,,,,
scie_geop_33433.removal,,,,,
fina_48592.date_correction,,,,,
fina_48592.add_causal,,,,,
fina_48592.contradiction,,,,,
fina_48592.removal,,,,,
fina_834.date_correction,,,,,
fina_834.add_causal,,,,,
fina_834.contradiction,,,,,
fina_834.removal,,,,,
tech_6580.date_correction,,,,,
tech_6580.add_causal,,,,,
tech_6580.contradiction,,,,,
tech_6580.removal,,,,,
hist_medi_24184.date_correction,,,,,
hist_medi_24184.add_causal,,,,,
hist_medi_24184.contradiction,,,,,
hist_medi_24184.removal,,,,,
medi_30597.date_correction,,,,,
medi_30597.add_causal,,,,,
medi_30597.contradiction,,,,,
medi_30597.removal,,,,,
hist_23102.date_correction,,,,,
hist_23102.add_causal,,,,,
hist_23102.contradiction,,,,,
hist_23102.removal,,,,,
cult_8738.date_correction,,,,,
cult_8738.add_causal,,,,,
cult_8738.contradiction,,,,,
cult_8738.removal,,,,,
cult_44713.date_correction,,,,,
cult_44713.add_causal,,,,,
cult_44713.contradiction,,,,,
cult_44713.removal,,,,,
hist_22598.date_correction,,,,,
hist_22598.add_causal,,,,,
hist_22598.contradiction,,,,,
hist_22598.removal,,,,,
fina_47300.date_correction,,,,,
fina_47300.add_causal,,,,,
fina_47300.contradiction,,,,,
fina_47300.removal,,,,,
geop_hist_14851.date_correction,,,,,
geop_hist_14851.add_causal,,,,,
geop_hist_14851.contradiction,,,,,
geop_hist_14851.removal,,,,,
fina_43784.date_correction,,,,,
fina_43784.add_causal,,,,,
fina_43784.contradiction,,,,,
fina_43784.removal,,,,,
geop_18582.date_correction,,,,,
geop_18582.add_causal,,,,,
geop_18582.contradiction,,,,,
geop_18582.removal,,,,,
fina_38733.date_correction,,,,,
fina_38733.add_causal,,,,,
fina_38733.contradiction,,,,,
fina_38733.removal,,,,,
tech_6086.date_correction,,,,,
tech_6086.add_causal,,,,,
tech_6086.contradiction,,,,,
tech_6086.removal,,,,,
geop_16857.date_correction,,,,,
geop_16857.add_causal,,,,,
geop_16857.contradiction,,,,,
geop_16857.removal,,,,,
tech_46777.date_correction,,,,,
tech_46777.add_causal,,,,,
tech_46777.contradiction,,,,,
tech_46777.removal,,,,,
cult_8751.date_correction,,,,,
cult_8751.add_causal,,,,,
cult_8751.contradiction,,,,,
cult_8751.removal,,,,,
hist_8216.date_correction,,,,,
hist_8216.add_causal,,,,,
hist_8216.contradiction,,,,,
hist_8216.removal,,,,,
fina_47652.date_correction,,,,,
fina_47652.add_causal,,,,,
fina_47652.contradiction,,,,,
fina_47652.removal,,,,,
geop_11694.date_correction,,,,,
geop_11694.add_causal,,,,,
geop_11694.contradiction,,,,,
geop_11694.removal,,,,,
fina_39114.date_correction,,,,,
fina_39114.add_causal,,,,,
fina_39114.contradiction,,,,,
fina_39114.removal,,,,,
fina_6848.date_correction,,,,,
fina_6848.add_causal,,,,,
fina_6848.contradiction,,,,,
fina_6848.removal,,,,,
hist_3701.date_correction,,,,,
hist_3701.add_causal,,,,,
hist_3701.contradiction,,,,,
hist_3701.removal,,,,,
hist_35846.date_correction,,,,,
hist_35846.add_causal,,,,,
hist_35846.contradiction,,,,,
hist_35846.removal,,,,,
fina_42114.date_correction,,,,,
fina_42114.add_causal,,,,,
fina_42114.contradiction,,,,,
fina_42114.removal,,,,,
cult_9287.date_correction,,,,,
cult_9287.add_causal,,,,,
cult_9287.contradiction,,,,,
cult_9287.removal,,,,,
fina_40001.date_correction,,,,,
fina_40001.add_causal,,,,,
fina_40001.contradiction,,,,,
fina_40001.removal,,,,,
tech_geop_48251.date_correction,,,,,
tech_geop_48251.add_causal,,,,,
tech_geop_48251.contradiction,,,,,
tech_geop_48251.removal,,,,,
hist_scie_33534.date_correction,,,,,
hist_scie_33534.add_causal,,,,,
hist_scie_33534.contradiction,,,,,
hist_scie_33534.removal,,,,,
busi_1708.date_correction,,,,,
busi_1708.add_causal,,,,,
busi_1708.contradiction,,,,,
busi_1708.removal,,,,,
musi_50860.date_correction,,,,,
musi_50860.add_causal,,,,,
musi_50860.contradiction,,,,,
musi_50860.removal,,,,,
medi_30281.date_correction,,,,,
medi_30281.add_causal,,,,,
medi_30281.contradiction,,,,,
medi_30281.removal,,,,,
hist_23353.date_correction,,,,,
hist_23353.add_causal,,,,,
hist_23353.contradiction,,,,,
hist_23353.removal,,,,,
hist_24981.date_correction,,,,,
hist_24981.add_causal,,,,,
hist_24981.contradiction,,,,,
hist_24981.removal,,,,,
tech_37904.date_correction,,,,,
tech_37904.add_causal,,,,,
tech_37904.contradiction,,,,,
tech_37904.removal,,,,,
medi_37441.date_correction,,,,,
medi_37441.add_causal,,,,,
medi_37441.contradiction,,,,,
medi_37441.removal,,,,,
scie_32726.date_correction,,,,,
scie_32726.add_causal,,,,,
scie_32726.contradiction,,,,,
scie_32726.removal,,,,,
medi_37497.date_correction,,,,,
medi_37497.add_causal,,,,,
medi_37497.contradiction,,,,,
medi_37497.removal,,,,,
hist_33645.date_correction,,,,,
hist_33645.add_causal,,,,,
hist_33645.contradiction,,,,,
hist_33645.removal,,,,,
scie_27129.date_correction,,,,,
scie_27129.add_causal,,,,,
scie_27129.contradiction,,,,,
scie_27129.removal,,,,,
fina_4418.date_correction,,,,,
fina_4418.add_causal,,,,,
fina_4418.contradiction,,,,,
fina_4418.removal,,,,,
tech_29133.date_correction,,,,,
tech_29133.add_causal,,,,,
tech_29133.contradiction,,,,,
tech_29133.removal,,,,,
medi_34565.date_correction,,,,,
medi_34565.add_causal,,,,,
medi_34565.contradiction,,,,,
medi_34565.removal,,,,,
fina_18384.date_correction,,,,,
fina_18384.add_causal,,,,,
fina_18384.contradiction,,,,,
fina_18384.removal,,,,,
hist_22170.date_correction,,,,,
hist_22170.add_causal,,,,,
hist_22170.contradiction,,,,,
hist_22170.removal,,,,,
hist_scie_24879.date_correction,,,,,
hist_scie_24879.add_causal,,,,,
hist_scie_24879.contradiction,,,,,
hist_scie_24879.removal,,,,,
tech_44120.date_correction,,,,,
tech_44120.add_causal,,,,,
tech_44120.contradiction,,,,,
tech_44120.removal,,,,,
cult_8165.date_correction,,,,,
cult_8165.add_causal,,,,,
cult_8165.contradiction,,,,,
cult_8165.removal,,,,,
cult_13480.date_correction,,,,,
cult_13480.add_causal,,,,,
cult_13480.contradiction,,,,,
cult_13480.removal,,,,,
fina_44862.date_correction,,,,,
fina_44862.add_causal,,,,,
fina_44862.contradiction,,,,,
fina_44862.removal,,,,,
medi_hist_21456.date_correction,,,,,
medi_hist_21456.add_causal,,,,,
medi_hist_21456.contradiction,,,,,
medi_hist_21456.removal,,,,,
scie_24598.date_correction,,,,,
scie_24598.add_causal,,,,,
scie_24598.contradiction,,,,,
scie_24598.removal,,,,,
tech_38028.date_correction,,,,,
tech_38028.add_causal,,,,,
tech_38028.contradiction,,,,,
tech_38028.removal,,,,,
fina_5094.date_correction,,,,,
fina_5094.add_causal,,,,,
fina_5094.contradiction,,,,,
fina_5094.removal,,,,,
spor_50251.date_correction,,,,,
spor_50251.add_causal,,,,,
spor_50251.contradiction,,,,,
spor_50251.removal,,,,,
scie_31357.date_correction,,,,,
scie_31357.add_causal,,,,,
scie_31357.contradiction,,,,,
scie_31357.removal,,,,,
scie_27157.date_correction,,,,,
scie_27157.add_causal,,,,,
scie_27157.contradiction,,,,,
scie_27157.removal,,,,,
geop_19673.date_correction,,,,,
geop_19673.add_causal,,,,,
geop_19673.contradiction,,,,,
geop_19673.removal,,,,,
busi_1720.date_correction,,,,,
busi_1720.add_causal,,,,,
busi_1720.contradiction,,,,,
busi_1720.removal,,,,,
tech_46792.date_correction,,,,,
tech_46792.add_causal,,,,,
tech_46792.contradiction,,,,,
tech_46792.removal,,,,,
tech_29347.date_correction,,,,,
tech_29347.add_causal,,,,,
tech_29347.contradiction,,,,,
tech_29347.removal,,,,,
geop_25533.date_correction,,,,,
geop_25533.add_causal,,,,,
geop_25533.contradiction,,,,,
geop_25533.removal,,,,,
scie_tech_26908.date_correction,,,,,
scie_tech_26908.add_causal,,,,,
scie_tech_26908.contradiction,,,,,
scie_tech_26908.removal,,,,,
scie_hist_31559.date_correction,,,,,
scie_hist_31559.add_causal,,,,,
scie_hist_31559.contradiction,,,,,
scie_hist_31559.removal,,,,,
tech_36990.date_correction,,,,,
tech_36990.add_causal,,,,,
tech_36990.contradiction,,,,,
tech_36990.removal,,,,,
tech_49193.date_correction,,,,,
tech_49193.add_causal,,,,,
tech_49193.contradiction,,,,,
tech_49193.removal,,,,,
hist_3994.date_correction,,,,,
hist_3994.add_causal,,,,,
hist_3994.contradiction,,,,,
hist_3994.removal,,,,,
cons_busi_5238.date_correction,,,,,
cons_busi_5238.add_causal,,,,,
cons_busi_5238.contradiction,,,,,
cons_busi_5238.removal,,,,,
geop_16413.date_correction,,,,,
geop_16413.add_causal,,,,,
geop_16413.contradiction,,,,,
geop_16413.removal,,,,,
cult_14123.date_correction,,,,,
cult_14123.add_causal,,,,,
cult_14123.contradiction,,,,,
cult_14123.removal,,,,,
tech_212.date_correction,,,,,
tech_212.add_causal,,,,,
tech_212.contradiction,,,,,
tech_212.removal,,,,,
cult_9555.date_correction,,,,,
cult_9555.add_causal,,,,,
cult_9555.contradiction,,,,,
cult_9555.removal,,,,,
medi_34902.date_correction,,,,,
medi_34902.add_causal,,,,,
medi_34902.contradiction,,,,,
medi_34902.removal,,,,,
hist_21276.date_correction,,,,,
hist_21276.add_causal,,,,,
hist_21276.contradiction,,,,,
hist_21276.removal,,,,,
geop_19657.date_correction,,,,,
geop_19657.add_causal,,,,,
geop_19657.contradiction,,,,,
geop_19657.removal,,,,,
medi_34806.date_correction,,,,,
medi_34806.add_causal,,,,,
medi_34806.contradiction,,,,,
medi_34806.removal,,,,,
cult_13615.date_correction,,,,,
cult_13615.add_causal,,,,,
cult_13615.contradiction,,,,,
cult_13615.removal,,,,,
scie_clim_28281.date_correction,,,,,
scie_clim_28281.add_causal,,,,,
scie_clim_28281.contradiction,,,,,
scie_clim_28281.removal,,,,,
tech_fina_36815.date_correction,,,,,
tech_fina_36815.add_causal,,,,,
tech_fina_36815.contradiction,,,,,
tech_fina_36815.removal,,,,,
geop_19309.date_correction,,,,,
geop_19309.add_causal,,,,,
geop_19309.contradiction,,,,,
geop_19309.removal,,,,,
busi_740.date_correction,,,,,
busi_740.add_causal,,,,,
busi_740.contradiction,,,,,
busi_740.removal,,,,,
cult_13359.date_correction,,,,,
cult_13359.add_causal,,,,,
cult_13359.contradiction,,,,,
cult_13359.removal,,,,,
hist_fina_41239.date_correction,,,,,
hist_fina_41239.add_causal,,,,,
hist_fina_41239.contradiction,,,,,
hist_fina_41239.removal,,,,,
hist_cons_5840.date_correction,,,,,
hist_cons_5840.add_causal,,,,,
hist_cons_5840.contradiction,,,,,
hist_cons_5840.removal,,,,,
fina_49187.date_correction,,,,,
fina_49187.add_causal,,,,,
fina_49187.contradiction,,,,,
fina_49187.removal,,,,,
hist_7398.date_correction,,,,,
hist_7398.add_causal,,,,,
hist_7398.contradiction,,,,,
hist_7398.removal,,,,,
fina_43056.date_correction,,,,,
fina_43056.add_causal,,,,,
fina_43056.contradiction,,,,,
fina_43056.removal,,,,,
cult_8428.date_correction,,,,,
cult_8428.add_causal,,,,,
cult_8428.contradiction,,,,,
cult_8428.removal,,,,,
tech_4386.date_correction,,,,,
tech_4386.add_causal,,,,,
tech_4386.contradiction,,,,,
tech_4386.removal,,,,,
scie_36358.date_correction,,,,,
scie_36358.add_causal,,,,,
scie_36358.contradiction,,,,,
scie_36358.removal,,,,,
geop_25344.date_correction,,,,,
geop_25344.add_causal,,,,,
geop_25344.contradiction,,,,,
geop_25344.removal,,,,,
hist_fina_41173.date_correction,,,,,
hist_fina_41173.add_causal,,,,,
hist_fina_41173.contradiction,,,,,
hist_fina_41173.removal,,,,,
cult_13919.date_correction,,,,,
cult_13919.add_causal,,,,,
cult_13919.contradiction,,,,,
cult_13919.removal,,,,,
hist_20541.date_correction,,,,,
hist_20541.add_causal,,,,,
hist_20541.contradiction,,,,,
hist_20541.removal,,,,,
cult_10428.date_correction,,,,,
cult_10428.add_causal,,,,,
cult_10428.contradiction,,,,,
cult_10428.removal,,,,,
fina_1028.date_correction,,,,,
fina_1028.add_causal,,,,,
fina_1028.contradiction,,,,,
fina_1028.removal,,,,,
cult_10486.date_correction,,,,,
cult_10486.add_causal,,,,,
cult_10486.contradiction,,,,,
cult_10486.removal,,,,,
tech_45819.date_correction,,,,,
tech_45819.add_causal,,,,,
tech_45819.contradiction,,,,,
tech_45819.removal,,,,,
geop_12139.date_correction,,,,,
geop_12139.add_causal,,,,,
geop_12139.contradiction,,,,,
geop_12139.removal,,,,,
hist_3230.date_correction,,,,,
hist_3230.add_causal,,,,,
hist_3230.contradiction,,,,,
hist_3230.removal,,,,,
hist_3642.date_correction,,,,,
hist_3642.add_causal,,,,,
hist_3642.contradiction,,,,,
hist_3642.removal,,,,,
geop_15168.date_correction,,,,,
geop_15168.add_causal,,,,,
geop_15168.contradiction,,,,,
geop_15168.removal,,,,,
tech_28675.date_correction,,,,,
tech_28675.add_causal,,,,,
tech_28675.contradiction,,,,,
tech_28675.removal,,,,,
tech_37073.date_correction,,,,,
tech_37073.add_causal,,,,,
tech_37073.contradiction,,,,,
tech_37073.removal,,,,,
geop_11678.date_correction,,,,,
geop_11678.add_causal,,,,,
geop_11678.contradiction,,,,,
geop_11678.removal,,,,,
hist_43277.date_correction,,,,,
hist_43277.add_causal,,,,,
hist_43277.contradiction,,,,,
hist_43277.removal,,,,,
spor_50518.date_correction,,,,,
spor_50518.add_causal,,,,,
spor_50518.contradiction,,,,,
spor_50518.removal,,,,,
tech_46512.date_correction,,,,,
tech_46512.add_causal,,,,,
tech_46512.contradiction,,,,,
tech_46512.removal,,,,,
hist_26836.date_correction,,,,,
hist_26836.add_causal,,,,,
hist_26836.contradiction,,,,,
hist_26836.removal,,,,,
tech_45971.date_correction,,,,,
tech_45971.add_causal,,,,,
tech_45971.contradiction,,,,,
tech_45971.removal,,,,,
hist_5288.date_correction,,,,,
hist_5288.add_causal,,,,,
hist_5288.contradiction,,,,,
hist_5288.removal,,,,,
medi_31917.date_correction,,,,,
medi_31917.add_causal,,,,,
medi_31917.contradiction,,,,,
medi_31917.removal,,,,,
hist_33646.date_correction,,,,,
hist_33646.add_causal,,,,,
hist_33646.contradiction,,,,,
hist_33646.removal,,,,,
cult_10161.date_correction,,,,,
cult_10161.add_causal,,,,,
cult_10161.contradiction,,,,,
cult_10161.removal,,,,,
hist_7297.date_correction,,,,,
hist_7297.add_causal,,,,,
hist_7297.contradiction,,,,,
hist_7297.removal,,,,,
hist_3542.date_correction,,,,,
hist_3542.add_causal,,,,,
hist_3542.contradiction,,,,,
hist_3542.removal,,,,,
hist_22853.date_correction,,,,,
hist_22853.add_causal,,,,,
hist_22853.contradiction,,,,,
hist_22853.removal,,,,,
geop_fina_40713.date_correction,,,,,
geop_fina_40713.add_causal,,,,,
geop_fina_40713.contradiction,,,,,
geop_fina_40713.removal,,,,,
hist_tech_3396.date_correction,,,,,
hist_tech_3396.add_causal,,,,,
hist_tech_3396.contradiction,,,,,
hist_tech_3396.removal,,,,,
medi_34011.date_correction,,,,,
medi_34011.add_causal,,,,,
medi_34011.contradiction,,,,,
medi_34011.removal,,,,,
hist_34153.date_correction,,,,,
hist_34153.add_causal,,,,,
hist_34153.contradiction,,,,,
hist_34153.removal,,,,,
cult_51096.date_correction,,,,,
cult_51096.add_causal,,,,,
cult_51096.contradiction,,,,,
cult_51096.removal,,,,,
geop_49207.date_correction,,,,,
geop_49207.add_causal,,,,,
geop_49207.contradiction,,,,,
geop_49207.removal,,,,,
hist_11419.date_correction,,,,,
hist_11419.add_causal,,,,,
hist_11419.contradiction,,,,,
hist_11419.removal,,,,,
tech_5999.date_correction,,,,,
tech_5999.add_causal,,,,,
tech_5999.contradiction,,,,,
tech_5999.removal,,,,,
fina_46334.date_correction,,,,,
fina_46334.add_causal,,,,,
fina_46334.contradiction,,,,,
fina_46334.removal,,,,,
musi_50884.date_correction,,,,,
musi_50884.add_causal,,,,,
musi_50884.contradiction,,,,,
musi_50884.removal,,,,,
scie_27955.date_correction,,,,,
scie_27955.add_causal,,,,,
scie_27955.contradiction,,,,,
scie_27955.removal,,,,,
geop_fina_19981.date_correction,,,,,
geop_fina_19981.add_causal,,,,,
geop_fina_19981.contradiction,,,,,
geop_fina_19981.removal,,,,,
scie_27637.date_correction,,,,,
scie_27637.add_causal,,,,,
scie_27637.contradiction,,,,,
scie_27637.removal,,,,,
geop_19495.date_correction,,,,,
geop_19495.add_causal,,,,,
geop_19495.contradiction,,,,,
geop_19495.removal,,,,,
geop_16038.date_correction,,,,,
geop_16038.add_causal,,,,,
geop_16038.contradiction,,,,,
geop_16038.removal,,,,,
geop_17187.date_correction,,,,,
geop_17187.add_causal,,,,,
geop_17187.contradiction,,,,,
geop_17187.removal,,,,,
poli_18455.date_correction,,,,,
poli_18455.add_causal,,,,,
poli_18455.contradiction,,,,,
poli_18455.removal,,,,,
hist_tech_37963.date_correction,,,,,
hist_tech_37963.add_causal,,,,,
hist_tech_37963.contradiction,,,,,
hist_tech_37963.removal,,,,,
fina_46939.date_correction,,,,,
fina_46939.add_causal,,,,,
fina_46939.contradiction,,,,,
fina_46939.removal,,,,,
scie_36319.date_correction,,,,,
scie_36319.add_causal,,,,,
scie_36319.contradiction,,,,,
scie_36319.removal,,,,,
hist_27379.date_correction,,,,,
hist_27379.add_causal,,,,,
hist_27379.contradiction,,,,,
hist_27379.removal,,,,,
geop_18544.date_correction,,,,,
geop_18544.add_causal,,,,,
geop_18544.contradiction,,,,,
geop_18544.removal,,,,,
geop_18364.date_correction,,,,,
geop_18364.add_causal,,,,,
geop_18364.contradiction,,,,,
geop_18364.removal,,,,,
tech_48767.date_correction,,,,,
tech_48767.add_causal,,,,,
tech_48767.contradiction,,,,,
tech_48767.removal,,,,,
fina_46959.date_correction,,,,,
fina_46959.add_causal,,,,,
fina_46959.contradiction,,,,,
fina_46959.removal,,,,,
cult_13880.date_correction,,,,,
cult_13880.add_causal,,,,,
cult_13880.contradiction,,,,,
cult_13880.removal,,,,,
hist_6355.date_correction,,,,,
hist_6355.add_causal,,,,,
hist_6355.contradiction,,,,,
hist_6355.removal,,,,,
fina_42789.date_correction,,,,,
fina_42789.add_causal,,,,,
fina_42789.contradiction,,,,,
fina_42789.removal,,,,,
hist_5537.date_correction,,,,,
hist_5537.add_causal,,,,,
hist_5537.contradiction,,,,,
hist_5537.removal,,,,,
cult_10531.date_correction,,,,,
cult_10531.add_causal,,,,,
cult_10531.contradiction,,,,,
cult_10531.removal,,,,,
hist_3083.date_correction,,,,,
hist_3083.add_causal,,,,,
hist_3083.contradiction,,,,,
hist_3083.removal,,,,,
hist_busi_7825.date_correction,,,,,
hist_busi_7825.add_causal,,,,,
hist_busi_7825.contradiction,,,,,
hist_busi_7825.removal,,,,,
fina_49388.date_correction,,,,,
fina_49388.add_causal,,,,,
fina_49388.contradiction,,,,,
fina_49388.removal,,,,,
geop_16674.date_correction,,,,,
geop_16674.add_causal,,,,,
geop_16674.contradiction,,,,,
geop_16674.removal,,,,,
cult_9802.date_correction,,,,,
cult_9802.add_causal,,,,,
cult_9802.contradiction,,,,,
cult_9802.removal,,,,,
cult_14395.date_correction,,,,,
cult_14395.add_causal,,,,,
cult_14395.contradiction,,,,,
cult_14395.removal,,,,,
hist_tech_40951.date_correction,,,,,
hist_tech_40951.add_causal,,,,,
hist_tech_40951.contradiction,,,,,
hist_tech_40951.removal,,,,,
geop_fina_20017.date_correction,,,,,
geop_fina_20017.add_causal,,,,,
geop_fina_20017.contradiction,,,,,
geop_fina_20017.removal,,,,,
hist_6566.date_correction,,,,,
hist_6566.add_causal,,,,,
hist_6566.contradiction,,,,,
hist_6566.removal,,,,,
fina_6764.date_correction,,,,,
fina_6764.add_causal,,,,,
fina_6764.contradiction,,,,,
fina_6764.removal,,,,,
scie_32318.date_correction,,,,,
scie_32318.add_causal,,,,,
scie_32318.contradiction,,,,,
scie_32318.removal,,,,,
book_28941.date_correction,,,,,
book_28941.add_causal,,,,,
book_28941.contradiction,,,,,
book_28941.removal,,,,,
fina_39262.date_correction,,,,,
fina_39262.add_causal,,,,,
fina_39262.contradiction,,,,,
fina_39262.removal,,,,,
fina_6838.date_correction,,,,,
fina_6838.add_causal,,,,,
fina_6838.contradiction,,,,,
fina_6838.removal,,,,,
geop_3009.date_correction,,,,,
geop_3009.add_causal,,,,,
geop_3009.contradiction,,,,,
geop_3009.removal,,,,,
tech_46222.date_correction,,,,,
tech_46222.add_causal,,,,,
tech_46222.contradiction,,,,,
tech_46222.removal,,,,,
tech_37736.date_correction,,,,,
tech_37736.add_causal,,,,,
tech_37736.contradiction,,,,,
tech_37736.removal,,,,,
tech_hist_35735.date_correction,,,,,
tech_hist_35735.add_causal,,,,,
tech_hist_35735.contradiction,,,,,
tech_hist_35735.removal,,,,,
tech_27537.date_correction,,,,,
tech_27537.add_causal,,,,,
tech_27537.contradiction,,,,,
tech_27537.removal,,,,,
cult_8967.date_correction,,,,,
cult_8967.add_causal,,,,,
cult_8967.contradiction,,,,,
cult_8967.removal,,,,,
tech_cult_46583.date_correction,,,,,
tech_cult_46583.add_causal,,,,,
tech_cult_46583.contradiction,,,,,
tech_cult_46583.removal,,,,,
scie_31307.date_correction,,,,,
scie_31307.add_causal,,,,,
scie_31307.contradiction,,,,,
scie_31307.removal,,,,,
geop_15294.date_correction,,,,,
geop_15294.add_causal,,,,,
geop_15294.contradiction,,,,,
geop_15294.removal,,,,,
scie_31342.date_correction,,,,,
scie_31342.add_causal,,,,,
scie_31342.contradiction,,,,,
scie_31342.removal,,,,,
medi_hist_21740.date_correction,,,,,
medi_hist_21740.add_causal,,,,,
medi_hist_21740.contradiction,,,,,
medi_hist_21740.removal,,,,,
hist_23828.date_correction,,,,,
hist_23828.add_causal,,,,,
hist_23828.contradiction,,,,,
hist_23828.removal,,,,,
hist_8186.date_correction,,,,,
hist_8186.add_causal,,,,,
hist_8186.contradiction,,,,,
hist_8186.removal,,,,,
hist_134.date_correction,,,,,
hist_134.add_causal,,,,,
hist_134.contradiction,,,,,
hist_134.removal,,,,,
tech_46754.date_correction,,,,,
tech_46754.add_causal,,,,,
tech_46754.contradiction,,,,,
tech_46754.removal,,,,,
medi_32117.date_correction,,,,,
medi_32117.add_causal,,,,,
medi_32117.contradiction,,,,,
medi_32117.removal,,,,,
hist_5784.date_correction,,,,,
hist_5784.add_causal,,,,,
hist_5784.contradiction,,,,,
hist_5784.removal,,,,,
tech_45696.date_correction,,,,,
tech_45696.add_causal,,,,,
tech_45696.contradiction,,,,,
tech_45696.removal,,,,,
medi_6628.date_correction,,,,,
medi_6628.add_causal,,,,,
medi_6628.contradiction,,,,,
medi_6628.removal,,,,,
spor_50490.date_correction,,,,,
spor_50490.add_causal,,,,,
spor_50490.contradiction,,,,,
spor_50490.removal,,,,,
geop_17620.date_correction,,,,,
geop_17620.add_causal,,,,,
geop_17620.contradiction,,,,,
geop_17620.removal,,,,,
fina_29334.date_correction,,,,,
fina_29334.add_causal,,,,,
fina_29334.contradiction,,,,,
fina_29334.removal,,,,,
fina_1004.date_correction,,,,,
fina_1004.add_causal,,,,,
fina_1004.contradiction,,,,,
fina_1004.removal,,,,,
scie_27622.date_correction,,,,,
scie_27622.add_causal,,,,,
scie_27622.contradiction,,,,,
scie_27622.removal,,,,,
cult_9124.date_correction,,,,,
cult_9124.add_causal,,,,,
cult_9124.contradiction,,,,,
cult_9124.removal,,,,,
fina_46340.date_correction,,,,,
fina_46340.add_causal,,,,,
fina_46340.contradiction,,,,,
fina_46340.removal,,,,,
hist_80.date_correction,,,,,
hist_80.add_causal,,,,,
hist_80.contradiction,,,,,
hist_80.removal,,,,,
fina_41484.date_correction,,,,,
fina_41484.add_causal,,,,,
fina_41484.contradiction,,,,,
fina_41484.removal,,,,,
hist_geop_34121.date_correction,,,,,
hist_geop_34121.add_causal,,,,,
hist_geop_34121.contradiction,,,,,
hist_geop_34121.removal,,,,,
cult_9194.date_correction,,,,,
cult_9194.add_causal,,,,,
cult_9194.contradiction,,,,,
cult_9194.removal,,,,,
hist_15980.date_correction,,,,,
hist_15980.add_causal,,,,,
hist_15980.contradiction,,,,,
hist_15980.removal,,,,,
hist_22799.date_correction,,,,,
hist_22799.add_causal,,,,,
hist_22799.contradiction,,,,,
hist_22799.removal,,,,,
cult_9898.date_correction,,,,,
cult_9898.add_causal,,,,,
cult_9898.contradiction,,,,,
cult_9898.removal,,,,,
scie_28092.date_correction,,,,,
scie_28092.add_causal,,,,,
scie_28092.contradiction,,,,,
scie_28092.removal,,,,,
hist_28598.date_correction,,,,,
hist_28598.add_causal,,,,,
hist_28598.contradiction,,,,,
hist_28598.removal,,,,,
hist_1264.date_correction,,,,,
hist_1264.add_causal,,,,,
hist_1264.contradiction,,,,,
hist_1264.removal,,,,,
hist_23391.date_correction,,,,,
hist_23391.add_causal,,,,,
hist_23391.contradiction,,,,,
hist_23391.removal,,,,,
hist_tech_23746.date_correction,,,,,
hist_tech_23746.add_causal,,,,,
hist_tech_23746.contradiction,,,,,
hist_tech_23746.removal,,,,,
medi_21528.date_correction,,,,,
medi_21528.add_causal,,,,,
medi_21528.contradiction,,,,,
medi_21528.removal,,,,,
tech_49314.date_correction,,,,,
tech_49314.add_causal,,,,,
tech_49314.contradiction,,,,,
tech_49314.removal,,,,,
hist_22873.date_correction,,,,,
hist_22873.add_causal,,,,,
hist_22873.contradiction,,,,,
hist_22873.removal,,,,,
fina_48997.date_correction,,,,,
fina_48997.add_causal,,,,,
fina_48997.contradiction,,,,,
fina_48997.removal,,,,,
cult_12642.date_correction,,,,,
cult_12642.add_causal,,,,,
cult_12642.contradiction,,,,,
cult_12642.removal,,,,,
hist_7009.date_correction,,,,,
hist_7009.add_causal,,,,,
hist_7009.contradiction,,,,,
hist_7009.removal,,,,,
cult_9697.date_correction,,,,,
cult_9697.add_causal,,,,,
cult_9697.contradiction,,,,,
cult_9697.removal,,,,,
fina_48695.date_correction,,,,,
fina_48695.add_causal,,,,,
fina_48695.contradiction,,,,,
fina_48695.removal,,,,,
hist_10483.date_correction,,,,,
hist_10483.add_causal,,,,,
hist_10483.contradiction,,,,,
hist_10483.removal,,,,,
tech_36941.date_correction,,,,,
tech_36941.add_causal,,,,,
tech_36941.contradiction,,,,,
tech_36941.removal,,,,,
cult_11098.date_correction,,,,,
cult_11098.add_causal,,,,,
cult_11098.contradiction,,,,,
cult_11098.removal,,,,,
fina_41306.date_correction,,,,,
fina_41306.add_causal,,,,,
fina_41306.contradiction,,,,,
fina_41306.removal,,,,,
scie_28010.date_correction,,,,,
scie_28010.add_causal,,,,,
scie_28010.contradiction,,,,,
scie_28010.removal,,,,,
hist_3716.date_correction,,,,,
hist_3716.add_causal,,,,,
hist_3716.contradiction,,,,,
hist_3716.removal,,,,,
fina_hist_39296.date_correction,,,,,
fina_hist_39296.add_causal,,,,,
fina_hist_39296.contradiction,,,,,
fina_hist_39296.removal,,,,,
scie_28333.date_correction,,,,,
scie_28333.add_causal,,,,,
scie_28333.contradiction,,,,,
scie_28333.removal,,,,,
spor_50522.date_correction,,,,,
spor_50522.add_causal,,,,,
spor_50522.contradiction,,,,,
spor_50522.removal,,,,,
cult_8074.date_correction,,,,,
cult_8074.add_causal,,,,,
cult_8074.contradiction,,,,,
cult_8074.removal,,,,,
scie_32238.date_correction,,,,,
scie_32238.add_causal,,,,,
scie_32238.contradiction,,,,,
scie_32238.removal,,,,,
scie_tech_26891.date_correction,,,,,
scie_tech_26891.add_causal,,,,,
scie_tech_26891.contradiction,,,,,
scie_tech_26891.removal,,,,,
scie_36167.date_correction,,,,,
scie_36167.add_causal,,,,,
scie_36167.contradiction,,,,,
scie_36167.removal,,,,,
cult_13655.date_correction,,,,,
cult_13655.add_causal,,,,,
cult_13655.contradiction,,,,,
cult_13655.removal,,,,,
cult_10105.date_correction,,,,,
cult_10105.add_causal,,,,,
cult_10105.contradiction,,,,,
cult_10105.removal,,,,,
scie_24676.date_correction,,,,,
scie_24676.add_causal,,,,,
scie_24676.contradiction,,,,,
scie_24676.removal,,,,,
hist_1337.date_correction,,,,,
hist_1337.add_causal,,,,,
hist_1337.contradiction,,,,,
hist_1337.removal,,,,,
hist_26095.date_correction,,,,,
hist_26095.add_causal,,,,,
hist_26095.contradiction,,,,,
hist_26095.removal,,,,,
hist_25811.date_correction,,,,,
hist_25811.add_causal,,,,,
hist_25811.contradiction,,,,,
hist_25811.removal,,,,,
hist_22297.date_correction,,,,,
hist_22297.add_causal,,,,,
hist_22297.contradiction,,,,,
hist_22297.removal,,,,,
scie_28123.date_correction,,,,,
scie_28123.add_causal,,,,,
scie_28123.contradiction,,,,,
scie_28123.removal,,,,,
hist_26232.date_correction,,,,,
hist_26232.add_causal,,,,,
hist_26232.contradiction,,,,,
hist_26232.removal,,,,,
geop_18847.date_correction,,,,,
geop_18847.add_causal,,,,,
geop_18847.contradiction,,,,,
geop_18847.removal,,,,,
cons_busi_5269.date_correction,,,,,
cons_busi_5269.add_causal,,,,,
cons_busi_5269.contradiction,,,,,
cons_busi_5269.removal,,,,,
scie_36409.date_correction,,,,,
scie_36409.add_causal,,,,,
scie_36409.contradiction,,,,,
scie_36409.removal,,,,,
hist_15884.date_correction,,,,,
hist_15884.add_causal,,,,,
hist_15884.contradiction,,,,,
hist_15884.removal,,,,,
hist_26281.date_correction,,,,,
hist_26281.add_causal,,,,,
hist_26281.contradiction,,,,,
hist_26281.removal,,,,,
cult_11042.date_correction,,,,,
cult_11042.add_causal,,,,,
cult_11042.contradiction,,,,,
cult_11042.removal,,,,,
fina_38956.date_correction,,,,,
fina_38956.add_causal,,,,,
fina_38956.contradiction,,,,,
fina_38956.removal,,,,,
tech_49282.date_correction,,,,,
tech_49282.add_causal,,,,,
tech_49282.contradiction,,,,,
tech_49282.removal,,,,,
scie_tech_36607.date_correction,,,,,
scie_tech_36607.add_causal,,,,,
scie_tech_36607.contradiction,,,,,
scie_tech_36607.removal,,,,,
hist_3226.date_correction,,,,,
hist_3226.add_causal,,,,,
hist_3226.contradiction,,,,,
hist_3226.removal,,,,,
medi_30242.date_correction,,,,,
medi_30242.add_causal,,,,,
medi_30242.contradiction,,,,,
medi_30242.removal,,,,,
soft_28872.date_correction,,,,,
soft_28872.add_causal,,,,,
soft_28872.contradiction,,,,,
soft_28872.removal,,,,,
fina_6748.date_correction,,,,,
fina_6748.add_causal,,,,,
fina_6748.contradiction,,,,,
fina_6748.removal,,,,,
medi_35165.date_correction,,,,,
medi_35165.add_causal,,,,,
medi_35165.contradiction,,,,,
medi_35165.removal,,,,,
tech_fina_49233.date_correction,,,,,
tech_fina_49233.add_causal,,,,,
tech_fina_49233.contradiction,,,,,
tech_fina_49233.removal,,,,,
geop_scie_33589.date_correction,,,,,
geop_scie_33589.add_causal,,,,,
geop_scie_33589.contradiction,,,,,
geop_scie_33589.removal,,,,,
hist_fina_47410.date_correction,,,,,
hist_fina_47410.add_causal,,,,,
hist_fina_47410.contradiction,,,,,
hist_fina_47410.removal,,,,,
geop_29650.date_correction,,,,,
geop_29650.add_causal,,,,,
geop_29650.contradiction,,,,,
geop_29650.removal,,,,,
fina_tech_48795.date_correction,,,,,
fina_tech_48795.add_causal,,,,,
fina_tech_48795.contradiction,,,,,
fina_tech_48795.removal,,,,,
cult_9369.date_correction,,,,,
cult_9369.add_causal,,,,,
cult_9369.contradiction,,,,,
cult_9369.removal,,,,,
geop_51136.date_correction,,,,,
geop_51136.add_causal,,,,,
geop_51136.contradiction,,,,,
geop_51136.removal,,,,,
scie_tech_36583.date_correction,,,,,
scie_tech_36583.add_causal,,,,,
scie_tech_36583.contradiction,,,,,
scie_tech_36583.removal,,,,,
fina_2844.date_correction,,,,,
fina_2844.add_causal,,,,,
fina_2844.contradiction,,,,,
fina_2844.removal,,,,,
scie_36397.date_correction,,,,,
scie_36397.add_causal,,,,,
scie_36397.contradiction,,,,,
scie_36397.removal,,,,,
geop_12349.date_correction,,,,,
geop_12349.add_causal,,,,,
geop_12349.contradiction,,,,,
geop_12349.removal,,,,,
busi_1762.date_correction,,,,,
busi_1762.add_causal,,,,,
busi_1762.contradiction,,,,,
busi_1762.removal,,,,,
geop_15809.date_correction,,,,,
geop_15809.add_causal,,,,,
geop_15809.contradiction,,,,,
geop_15809.removal,,,,,
geop_28481.date_correction,,,,,
geop_28481.add_causal,,,,,
geop_28481.contradiction,,,,,
geop_28481.removal,,,,,
tech_2931.date_correction,,,,,
tech_2931.add_causal,,,,,
tech_2931.contradiction,,,,,
tech_2931.removal,,,,,
scie_32696.date_correction,,,,,
scie_32696.add_causal,,,,,
scie_32696.contradiction,,,,,
scie_32696.removal,,,,,
geop_17888.date_correction,,,,,
geop_17888.add_causal,,,,,
geop_17888.contradiction,,,,,
geop_17888.removal,,,,,
scie_27831.date_correction,,,,,
scie_27831.add_causal,,,,,
scie_27831.contradiction,,,,,
scie_27831.removal,,,,,
fina_2794.date_correction,,,,,
fina_2794.add_causal,,,,,
fina_2794.contradiction,,,,,
fina_2794.removal,,,,,
musi_50845.date_correction,,,,,
musi_50845.add_causal,,,,,
musi_50845.contradiction,,,,,
musi_50845.removal,,,,,
hist_22916.date_correction,,,,,
hist_22916.add_causal,,,,,
hist_22916.contradiction,,,,,
hist_22916.removal,,,,,
cult_12497.date_correction,,,,,
cult_12497.add_causal,,,,,
cult_12497.contradiction,,,,,
cult_12497.removal,,,,,
fina_geop_48566.date_correction,,,,,
fina_geop_48566.add_causal,,,,,
fina_geop_48566.contradiction,,,,,
fina_geop_48566.removal,,,,,
medi_30085.date_correction,,,,,
medi_30085.add_causal,,,,,
medi_30085.contradiction,,,,,
medi_30085.removal,,,,,
hist_26237.date_correction,,,,,
hist_26237.add_causal,,,,,
hist_26237.contradiction,,,,,
hist_26237.removal,,,,,
fina_hist_40382.date_correction,,,,,
fina_hist_40382.add_causal,,,,,
fina_hist_40382.contradiction,,,,,
fina_hist_40382.removal,,,,,
hist_10475.date_correction,,,,,
hist_10475.add_causal,,,,,
hist_10475.contradiction,,,,,
hist_10475.removal,,,,,
tech_28829.date_correction,,,,,
tech_28829.add_causal,,,,,
tech_28829.contradiction,,,,,
tech_28829.removal,,,,,
musi_50602.date_correction,,,,,
musi_50602.add_causal,,,,,
musi_50602.contradiction,,,,,
musi_50602.removal,,,,,
cult_13503.date_correction,,,,,
cult_13503.add_causal,,,,,
cult_13503.contradiction,,,,,
cult_13503.removal,,,,,
scie_clim_28268.date_correction,,,,,
scie_clim_28268.add_causal,,,,,
scie_clim_28268.contradiction,,,,,
scie_clim_28268.removal,,,,,
fina_49486.date_correction,,,,,
fina_49486.add_causal,,,,,
fina_49486.contradiction,,,,,
fina_49486.removal,,,,,
hist_tech_37210.date_correction,,,,,
hist_tech_37210.add_causal,,,,,
hist_tech_37210.contradiction,,,,,
hist_tech_37210.removal,,,,,
hist_25778.date_correction,,,,,
hist_25778.add_causal,,,,,
hist_25778.contradiction,,,,,
hist_25778.removal,,,,,
hist_3733.date_correction,,,,,
hist_3733.add_causal,,,,,
hist_3733.contradiction,,,,,
hist_3733.removal,,,,,
hist_25614.date_correction,,,,,
hist_25614.add_causal,,,,,
hist_25614.contradiction,,,,,
hist_25614.removal,,,,,
hist_26406.date_correction,,,,,
hist_26406.add_causal,,,,,
hist_26406.contradiction,,,,,
hist_26406.removal,,,,,
cult_14533.date_correction,,,,,
cult_14533.add_causal,,,,,
cult_14533.contradiction,,,,,
cult_14533.removal,,,,,
hist_43464.date_correction,,,,,
hist_43464.add_causal,,,,,
hist_43464.contradiction,,,,,
hist_43464.removal,,,,,
hist_48239.date_correction,,,,,
hist_48239.add_causal,,,,,
hist_48239.contradiction,,,,,
hist_48239.removal,,,,,
cult_12537.date_correction,,,,,
cult_12537.add_causal,,,,,
cult_12537.contradiction,,,,,
cult_12537.removal,,,,,
tech_36977.date_correction,,,,,
tech_36977.add_causal,,,,,
tech_36977.contradiction,,,,,
tech_36977.removal,,,,,
cult_27723.date_correction,,,,,
cult_27723.add_causal,,,,,
cult_27723.contradiction,,,,,
cult_27723.removal,,,,,
cult_13410.date_correction,,,,,
cult_13410.add_causal,,,,,
cult_13410.contradiction,,,,,
cult_13410.removal,,,,,
fina_2557.date_correction,,,,,
fina_2557.add_causal,,,,,
fina_2557.contradiction,,,,,
fina_2557.removal,,,,,
fina_2429.date_correction,,,,,
fina_2429.add_causal,,,,,
fina_2429.contradiction,,,,,
fina_2429.removal,,,,,
tech_45882.date_correction,,,,,
tech_45882.add_causal,,,,,
tech_45882.contradiction,,,,,
tech_45882.removal,,,,,
fina_1089.date_correction,,,,,
fina_1089.add_causal,,,,,
fina_1089.contradiction,,,,,
fina_1089.removal,,,,,
fina_29258.date_correction,,,,,
fina_29258.add_causal,,,,,
fina_29258.contradiction,,,,,
fina_29258.removal,,,,,
scie_34397.date_correction,,,,,
scie_34397.add_causal,,,,,
scie_34397.contradiction,,,,,
scie_34397.removal,,,,,
tech_fina_47511.date_correction,,,,,
tech_fina_47511.add_causal,,,,,
tech_fina_47511.contradiction,,,,,
tech_fina_47511.removal,,,,,
tech_44965.date_correction,,,,,
tech_44965.add_causal,,,,,
tech_44965.contradiction,,,,,
tech_44965.removal,,,,,
hist_fina_40126.date_correction,,,,,
hist_fina_40126.add_causal,,,,,
hist_fina_40126.contradiction,,,,,
hist_fina_40126.removal,,,,,
hist_25767.date_correction,,,,,
hist_25767.add_causal,,,,,
hist_25767.contradiction,,,,,
hist_25767.removal,,,,,
hist_26355.date_correction,,,,,
hist_26355.add_causal,,,,,
hist_26355.contradiction,,,,,
hist_26355.removal,,,,,
scie_33073.date_correction,,,,,
scie_33073.add_causal,,,,,
scie_33073.contradiction,,,,,
scie_33073.removal,,,,,
cult_8660.date_correction,,,,,
cult_8660.add_causal,,,,,
cult_8660.contradiction,,,,,
cult_8660.removal,,,,,
tech_29716.date_correction,,,,,
tech_29716.add_causal,,,,,
tech_29716.contradiction,,,,,
tech_29716.removal,,,,,
hist_5639.date_correction,,,,,
hist_5639.add_causal,,,,,
hist_5639.contradiction,,,,,
hist_5639.removal,,,,,
scie_32271.date_correction,,,,,
scie_32271.add_causal,,,,,
scie_32271.contradiction,,,,,
scie_32271.removal,,,,,
medi_32094.date_correction,,,,,
medi_32094.add_causal,,,,,
medi_32094.contradiction,,,,,
medi_32094.removal,,,,,
fina_geop_scie_38479.date_correction,,,,,
fina_geop_scie_38479.add_causal,,,,,
fina_geop_scie_38479.contradiction,,,,,
fina_geop_scie_38479.removal,,,,,
hist_fina_41231.date_correction,,,,,
hist_fina_41231.add_causal,,,,,
hist_fina_41231.contradiction,,,,,
hist_fina_41231.removal,,,,,
tech_29349.date_correction,,,,,
tech_29349.add_causal,,,,,
tech_29349.contradiction,,,,,
tech_29349.removal,,,,,
hist_5334.date_correction,,,,,
hist_5334.add_causal,,,,,
hist_5334.contradiction,,,,,
hist_5334.removal,,,,,
medi_35054.date_correction,,,,,
medi_35054.add_causal,,,,,
medi_35054.contradiction,,,,,
medi_35054.removal,,,,,
hist_geop_33581.date_correction,,,,,
hist_geop_33581.add_causal,,,,,
hist_geop_33581.contradiction,,,,,
hist_geop_33581.removal,,,,,
tech_45245.date_correction,,,,,
tech_45245.add_causal,,,,,
tech_45245.contradiction,,,,,
tech_45245.removal,,,,,
scie_geop_33328.date_correction,,,,,
scie_geop_33328.add_causal,,,,,
scie_geop_33328.contradiction,,,,,
scie_geop_33328.removal,,,,,
fina_873.date_correction,,,,,
fina_873.add_causal,,,,,
fina_873.contradiction,,,,,
fina_873.removal,,,,,
hist_3927.date_correction,,,,,
hist_3927.add_causal,,,,,
hist_3927.contradiction,,,,,
hist_3927.removal,,,,,
fina_46651.date_correction,,,,,
fina_46651.add_causal,,,,,
fina_46651.contradiction,,,,,
fina_46651.removal,,,,,
medi_32065.date_correction,,,,,
medi_32065.add_causal,,,,,
medi_32065.contradiction,,,,,
medi_32065.removal,,,,,
hist_fina_41951.date_correction,,,,,
hist_fina_41951.add_causal,,,,,
hist_fina_41951.contradiction,,,,,
hist_fina_41951.removal,,,,,
geop_11612.date_correction,,,,,
geop_11612.add_causal,,,,,
geop_11612.contradiction,,,,,
geop_11612.removal,,,,,
geop_15704.date_correction,,,,,
geop_15704.add_causal,,,,,
geop_15704.contradiction,,,,,
geop_15704.removal,,,,,
hist_fina_47478.date_correction,,,,,
hist_fina_47478.add_causal,,,,,
hist_fina_47478.contradiction,,,,,
hist_fina_47478.removal,,,,,
hist_7450.date_correction,,,,,
hist_7450.add_causal,,,,,
hist_7450.contradiction,,,,,
hist_7450.removal,,,,,
busi_fina_1795.date_correction,,,,,
busi_fina_1795.add_causal,,,,,
busi_fina_1795.contradiction,,,,,
busi_fina_1795.removal,,,,,
tech_27535.date_correction,,,,,
tech_27535.add_causal,,,,,
tech_27535.contradiction,,,,,
tech_27535.removal,,,,,
fina_cult_46054.date_correction,,,,,
fina_cult_46054.add_causal,,,,,
fina_cult_46054.contradiction,,,,,
fina_cult_46054.removal,,,,,
tech_36724.date_correction,,,,,
tech_36724.add_causal,,,,,
tech_36724.contradiction,,,,,
tech_36724.removal,,,,,
cult_13339.date_correction,,,,,
cult_13339.add_causal,,,,,
cult_13339.contradiction,,,,,
cult_13339.removal,,,,,
medi_30510.date_correction,,,,,
medi_30510.add_causal,,,,,
medi_30510.contradiction,,,,,
medi_30510.removal,,,,,
scie_hist_31479.date_correction,,,,,
scie_hist_31479.add_causal,,,,,
scie_hist_31479.contradiction,,,,,
scie_hist_31479.removal,,,,,
scie_27172.date_correction,,,,,
scie_27172.add_causal,,,,,
scie_27172.contradiction,,,,,
scie_27172.removal,,,,,
fina_2732.date_correction,,,,,
fina_2732.add_causal,,,,,
fina_2732.contradiction,,,,,
fina_2732.removal,,,,,
cult_13248.date_correction,,,,,
cult_13248.add_causal,,,,,
cult_13248.contradiction,,,,,
cult_13248.removal,,,,,
geop_18160.date_correction,,,,,
geop_18160.add_causal,,,,,
geop_18160.contradiction,,,,,
geop_18160.removal,,,,,
tech_47962.date_correction,,,,,
tech_47962.add_causal,,,,,
tech_47962.contradiction,,,,,
tech_47962.removal,,,,,
scie_32737.date_correction,,,,,
scie_32737.add_causal,,,,,
scie_32737.contradiction,,,,,
scie_32737.removal,,,,,
medi_34479.date_correction,,,,,
medi_34479.add_causal,,,,,
medi_34479.contradiction,,,,,
medi_34479.removal,,,,,
cult_9730.date_correction,,,,,
cult_9730.add_causal,,,,,
cult_9730.contradiction,,,,,
cult_9730.removal,,,,,
cult_9677.date_correction,,,,,
cult_9677.add_causal,,,,,
cult_9677.contradiction,,,,,
cult_9677.removal,,,,,
cult_10172.date_correction,,,,,
cult_10172.add_causal,,,,,
cult_10172.contradiction,,,,,
cult_10172.removal,,,,,
tech_47262.date_correction,,,,,
tech_47262.add_causal,,,,,
tech_47262.contradiction,,,,,
tech_47262.removal,,,,,
fina_1131.date_correction,,,,,
fina_1131.add_causal,,,,,
fina_1131.contradiction,,,,,
fina_1131.removal,,,,,
geop_11640.date_correction,,,,,
geop_11640.add_causal,,,,,
geop_11640.contradiction,,,,,
geop_11640.removal,,,,,
fina_37068.date_correction,,,,,
fina_37068.add_causal,,,,,
fina_37068.contradiction,,,,,
fina_37068.removal,,,,,
tech_4371.date_correction,,,,,
tech_4371.add_causal,,,,,
tech_4371.contradiction,,,,,
tech_4371.removal,,,,,
geop_19324.date_correction,,,,,
geop_19324.add_causal,,,,,
geop_19324.contradiction,,,,,
geop_19324.removal,,,,,
cult_11069.date_correction,,,,,
cult_11069.add_causal,,,,,
cult_11069.contradiction,,,,,
cult_11069.removal,,,,,
cult_45629.date_correction,,,,,
cult_45629.add_causal,,,,,
cult_45629.contradiction,,,,,
cult_45629.removal,,,,,
scie_31200.date_correction,,,,,
scie_31200.add_causal,,,,,
scie_31200.contradiction,,,,,
scie_31200.removal,,,,,
cult_12721.date_correction,,,,,
cult_12721.add_causal,,,,,
cult_12721.contradiction,,,,,
cult_12721.removal,,,,,
fina_43714.date_correction,,,,,
fina_43714.add_causal,,,,,
fina_43714.contradiction,,,,,
fina_43714.removal,,,,,
hist_32382.date_correction,,,,,
hist_32382.add_causal,,,,,
hist_32382.contradiction,,,,,
hist_32382.removal,,,,,
hist_128.date_correction,,,,,
hist_128.add_causal,,,,,
hist_128.contradiction,,,,,
hist_128.removal,,,,,
geop_fina_hist_39588.date_correction,,,,,
geop_fina_hist_39588.add_causal,,,,,
geop_fina_hist_39588.contradiction,,,,,
geop_fina_hist_39588.removal,,,,,
fina_47059.date_correction,,,,,
fina_47059.add_causal,,,,,
fina_47059.contradiction,,,,,
fina_47059.removal,,,,,
geop_16293.date_correction,,,,,
geop_16293.add_causal,,,,,
geop_16293.contradiction,,,,,
geop_16293.removal,,,,,
fina_4451.date_correction,,,,,
fina_4451.add_causal,,,,,
fina_4451.contradiction,,,,,
fina_4451.removal,,,,,
medi_30654.date_correction,,,,,
medi_30654.add_causal,,,,,
medi_30654.contradiction,,,,,
medi_30654.removal,,,,,
cult_51228.date_correction,,,,,
cult_51228.add_causal,,,,,
cult_51228.contradiction,,,,,
cult_51228.removal,,,,,
hist_7631.date_correction,,,,,
hist_7631.add_causal,,,,,
hist_7631.contradiction,,,,,
hist_7631.removal,,,,,
busi_4233.date_correction,,,,,
busi_4233.add_causal,,,,,
busi_4233.contradiction,,,,,
busi_4233.removal,,,,,
fina_47285.date_correction,,,,,
fina_47285.add_causal,,,,,
fina_47285.contradiction,,,,,
fina_47285.removal,,,,,
fina_39025.date_correction,,,,,
fina_39025.add_causal,,,,,
fina_39025.contradiction,,,,,
fina_39025.removal,,,,,
busi_4309.date_correction,,,,,
busi_4309.add_causal,,,,,
busi_4309.contradiction,,,,,
busi_4309.removal,,,,,
medi_34547.date_correction,,,,,
medi_34547.add_causal,,,,,
medi_34547.contradiction,,,,,
medi_34547.removal,,,,,
tech_45753.date_correction,,,,,
tech_45753.add_causal,,,,,
tech_45753.contradiction,,,,,
tech_45753.removal,,,,,
geop_11766.date_correction,,,,,
geop_11766.add_causal,,,,,
geop_11766.contradiction,,,,,
geop_11766.removal,,,,,
cult_12584.date_correction,,,,,
cult_12584.add_causal,,,,,
cult_12584.contradiction,,,,,
cult_12584.removal,,,,,
tech_hist_36924.date_correction,,,,,
tech_hist_36924.add_causal,,,,,
tech_hist_36924.contradiction,,,,,
tech_hist_36924.removal,,,,,
hist_3709.date_correction,,,,,
hist_3709.add_causal,,,,,
hist_3709.contradiction,,,,,
hist_3709.removal,,,,,
tech_48033.date_correction,,,,,
tech_48033.add_causal,,,,,
tech_48033.contradiction,,,,,
tech_48033.removal,,,,,
busi_1800.date_correction,,,,,
busi_1800.add_causal,,,,,
busi_1800.contradiction,,,,,
busi_1800.removal,,,,,
hist_25028.date_correction,,,,,
hist_25028.add_causal,,,,,
hist_25028.contradiction,,,,,
hist_25028.removal,,,,,
fina_40973.date_correction,,,,,
fina_40973.add_causal,,,,,
fina_40973.contradiction,,,,,
fina_40973.removal,,,,,
cult_13461.date_correction,,,,,
cult_13461.add_causal,,,,,
cult_13461.contradiction,,,,,
cult_13461.removal,,,,,
fina_47212.date_correction,,,,,
fina_47212.add_causal,,,,,
fina_47212.contradiction,,,,,
fina_47212.removal,,,,,
tech_29557.date_correction,,,,,
tech_29557.add_causal,,,,,
tech_29557.contradiction,,,,,
tech_29557.removal,,,,,
fina_44446.date_correction,,,,,
fina_44446.add_causal,,,,,
fina_44446.contradiction,,,,,
fina_44446.removal,,,,,
medi_21527.date_correction,,,,,
medi_21527.add_causal,,,,,
medi_21527.contradiction,,,,,
medi_21527.removal,,,,,
cult_9352.date_correction,,,,,
cult_9352.add_causal,,,,,
cult_9352.contradiction,,,,,
cult_9352.removal,,,,,
tech_29374.date_correction,,,,,
tech_29374.add_causal,,,,,
tech_29374.contradiction,,,,,
tech_29374.removal,,,,,
fina_hist_41233.date_correction,,,,,
fina_hist_41233.add_causal,,,,,
fina_hist_41233.contradiction,,,,,
fina_hist_41233.removal,,,,,
fina_39357.date_correction,,,,,
fina_39357.add_causal,,,,,
fina_39357.contradiction,,,,,
fina_39357.removal,,,,,
fina_41760.date_correction,,,,,
fina_41760.add_causal,,,,,
fina_41760.contradiction,,,,,
fina_41760.removal,,,,,
spor_50355.date_correction,,,,,
spor_50355.add_causal,,,,,
spor_50355.contradiction,,,,,
spor_50355.removal,,,,,
hist_11493.date_correction,,,,,
hist_11493.add_causal,,,,,
hist_11493.contradiction,,,,,
hist_11493.removal,,,,,
cult_9167.date_correction,,,,,
cult_9167.add_causal,,,,,
cult_9167.contradiction,,,,,
cult_9167.removal,,,,,
geop_15759.date_correction,,,,,
geop_15759.add_causal,,,,,
geop_15759.contradiction,,,,,
geop_15759.removal,,,,,
tech_37994.date_correction,,,,,
tech_37994.add_causal,,,,,
tech_37994.contradiction,,,,,
tech_37994.removal,,,,,
hist_34308.date_correction,,,,,
hist_34308.add_causal,,,,,
hist_34308.contradiction,,,,,
hist_34308.removal,,,,,
fina_46084.date_correction,,,,,
fina_46084.add_causal,,,,,
fina_46084.contradiction,,,,,
fina_46084.removal,,,,,
fina_46655.date_correction,,,,,
fina_46655.add_causal,,,,,
fina_46655.contradiction,,,,,
fina_46655.removal,,,,,
medi_37494.date_correction,,,,,
medi_37494.add_causal,,,,,
medi_37494.contradiction,,,,,
medi_37494.removal,,,,,
tech_45783.date_correction,,,,,
tech_45783.add_causal,,,,,
tech_45783.contradiction,,,,,
tech_45783.removal,,,,,
fina_5080.date_correction,,,,,
fina_5080.add_causal,,,,,
fina_5080.contradiction,,,,,
fina_5080.removal,,,,,
scie_33028.date_correction,,,,,
scie_33028.add_causal,,,,,
scie_33028.contradiction,,,,,
scie_33028.removal,,,,,
tech_47367.date_correction,,,,,
tech_47367.add_causal,,,,,
tech_47367.contradiction,,,,,
tech_47367.removal,,,,,
scie_28164.date_correction,,,,,
scie_28164.add_causal,,,,,
scie_28164.contradiction,,,,,
scie_28164.removal,,,,,
cult_11114.date_correction,,,,,
cult_11114.add_causal,,,,,
cult_11114.contradiction,,,,,
cult_11114.removal,,,,,
hist_26192.date_correction,,,,,
hist_26192.add_causal,,,,,
hist_26192.contradiction,,,,,
hist_26192.removal,,,,,
fina_40538.date_correction,,,,,
fina_40538.add_causal,,,,,
fina_40538.contradiction,,,,,
fina_40538.removal,,,,,
tech_cult_27117.date_correction,,,,,
tech_cult_27117.add_causal,,,,,
tech_cult_27117.contradiction,,,,,
tech_cult_27117.removal,,,,,
geop_16100.date_correction,,,,,
geop_16100.add_causal,,,,,
geop_16100.contradiction,,,,,
geop_16100.removal,,,,,
scie_51060.date_correction,,,,,
scie_51060.add_causal,,,,,
scie_51060.contradiction,,,,,
scie_51060.removal,,,,,
geop_20241.date_correction,,,,,
geop_20241.add_causal,,,,,
geop_20241.contradiction,,,,,
geop_20241.removal,,,,,
geop_18791.date_correction,,,,,
geop_18791.add_causal,,,,,
geop_18791.contradiction,,,,,
geop_18791.removal,,,,,
tech_29581.date_correction,,,,,
tech_29581.add_causal,,,,,
tech_29581.contradiction,,,,,
tech_29581.removal,,,,,
musi_50627.date_correction,,,,,
musi_50627.add_causal,,,,,
musi_50627.contradiction,,,,,
musi_50627.removal,,,,,
tech_49294.date_correction,,,,,
tech_49294.add_causal,,,,,
tech_49294.contradiction,,,,,
tech_49294.removal,,,,,
tech_426.date_correction,,,,,
tech_426.add_causal,,,,,
tech_426.contradiction,,,,,
tech_426.removal,,,,,
hist_7002.date_correction,,,,,
hist_7002.add_causal,,,,,
hist_7002.contradiction,,,,,
hist_7002.removal,,,,,
spor_50153.date_correction,,,,,
spor_50153.add_causal,,,,,
spor_50153.contradiction,,,,,
spor_50153.removal,,,,,
tech_hist_29001.date_correction,,,,,
tech_hist_29001.add_causal,,,,,
tech_hist_29001.contradiction,,,,,
tech_hist_29001.removal,,,,,
scie_29984.date_correction,,,,,
scie_29984.add_causal,,,,,
scie_29984.contradiction,,,,,
scie_29984.removal,,,,,
geop_15411.date_correction,,,,,
geop_15411.add_causal,,,,,
geop_15411.contradiction,,,,,
geop_15411.removal,,,,,
tech_46791.date_correction,,,,,
tech_46791.add_causal,,,,,
tech_46791.contradiction,,,,,
tech_46791.removal,,,,,
tech_44034.date_correction,,,,,
tech_44034.add_causal,,,,,
tech_44034.contradiction,,,,,
tech_44034.removal,,,,,
geop_12149.date_correction,,,,,
geop_12149.add_causal,,,,,
geop_12149.contradiction,,,,,
geop_12149.removal,,,,,
geop_17311.date_correction,,,,,
geop_17311.add_causal,,,,,
geop_17311.contradiction,,,,,
geop_17311.removal,,,,,
hist_1334.date_correction,,,,,
hist_1334.add_causal,,,,,
hist_1334.contradiction,,,,,
hist_1334.removal,,,,,
cult_47229.date_correction,,,,,
cult_47229.add_causal,,,,,
cult_47229.contradiction,,,,,
cult_47229.removal,,,,,
spor_50560.date_correction,,,,,
spor_50560.add_causal,,,,,
spor_50560.contradiction,,,,,
spor_50560.removal,,,,,
medi_30415.date_correction,,,,,
medi_30415.add_causal,,,,,
medi_30415.contradiction,,,,,
medi_30415.removal,,,,,
cult_14264.date_correction,,,,,
cult_14264.add_causal,,,,,
cult_14264.contradiction,,,,,
cult_14264.removal,,,,,
tech_36722.date_correction,,,,,
tech_36722.add_causal,,,,,
tech_36722.contradiction,,,,,
tech_36722.removal,,,,,
geop_18065.date_correction,,,,,
geop_18065.add_causal,,,,,
geop_18065.contradiction,,,,,
geop_18065.removal,,,,,
fina_geop_hist_39711.date_correction,,,,,
fina_geop_hist_39711.add_causal,,,,,
fina_geop_hist_39711.contradiction,,,,,
fina_geop_hist_39711.removal,,,,,
medi_35268.date_correction,,,,,
medi_35268.add_causal,,,,,
medi_35268.contradiction,,,,,
medi_35268.removal,,,,,
tech_46280.date_correction,,,,,
tech_46280.add_causal,,,,,
tech_46280.contradiction,,,,,
tech_46280.removal,,,,,
fina_hist_39461.date_correction,,,,,
fina_hist_39461.add_causal,,,,,
fina_hist_39461.contradiction,,,,,
fina_hist_39461.removal,,,,,
hist_35.date_correction,,,,,
hist_35.add_causal,,,,,
hist_35.contradiction,,,,,
hist_35.removal,,,,,
hist_geop_43456.date_correction,,,,,
hist_geop_43456.add_causal,,,,,
hist_geop_43456.contradiction,,,,,
hist_geop_43456.removal,,,,,
geop_51280.date_correction,,,,,
geop_51280.add_causal,,,,,
geop_51280.contradiction,,,,,
geop_51280.removal,,,,,
tech_38043.date_correction,,,,,
tech_38043.add_causal,,,,,
tech_38043.contradiction,,,,,
tech_38043.removal,,,,,
cult_8373.date_correction,,,,,
cult_8373.add_causal,,,,,
cult_8373.contradiction,,,,,
cult_8373.removal,,,,,
scie_27698.date_correction,,,,,
scie_27698.add_causal,,,,,
scie_27698.contradiction,,,,,
scie_27698.removal,,,,,
medi_21636.date_correction,,,,,
medi_21636.add_causal,,,,,
medi_21636.contradiction,,,,,
medi_21636.removal,,,,,
geop_15803.date_correction,,,,,
geop_15803.add_causal,,,,,
geop_15803.contradiction,,,,,
geop_15803.removal,,,,,
soft_28895.date_correction,,,,,
soft_28895.add_causal,,,,,
soft_28895.contradiction,,,,,
soft_28895.removal,,,,,
hist_engi_1178.date_correction,,,,,
hist_engi_1178.add_causal,,,,,
hist_engi_1178.contradiction,,,,,
hist_engi_1178.removal,,,,,
fina_45416.date_correction,,,,,
fina_45416.add_causal,,,,,
fina_45416.contradiction,,,,,
fina_45416.removal,,,,,
hist_26202.date_correction,,,,,
hist_26202.add_causal,,,,,
hist_26202.contradiction,,,,,
hist_26202.removal,,,,,
geop_17769.date_correction,,,,,
geop_17769.add_causal,,,,,
geop_17769.contradiction,,,,,
geop_17769.removal,,,,,
tech_6578.date_correction,,,,,
tech_6578.add_causal,,,,,
tech_6578.contradiction,,,,,
tech_6578.removal,,,,,
cult_9070.date_correction,,,,,
cult_9070.add_causal,,,,,
cult_9070.contradiction,,,,,
cult_9070.removal,,,,,
fina_2330.date_correction,,,,,
fina_2330.add_causal,,,,,
fina_2330.contradiction,,,,,
fina_2330.removal,,,,,
medi_hist_21515.date_correction,,,,,
medi_hist_21515.add_causal,,,,,
medi_hist_21515.contradiction,,,,,
medi_hist_21515.removal,,,,,
tech_hist_28978.date_correction,,,,,
tech_hist_28978.add_causal,,,,,
tech_hist_28978.contradiction,,,,,
tech_hist_28978.removal,,,,,
busi_1856.date_correction,,,,,
busi_1856.add_causal,,,,,
busi_1856.contradiction,,,,,
busi_1856.removal,,,,,
fina_4628.date_correction,,,,,
fina_4628.add_causal,,,,,
fina_4628.contradiction,,,,,
fina_4628.removal,,,,,
fina_4954.date_correction,,,,,
fina_4954.add_causal,,,,,
fina_4954.contradiction,,,,,
fina_4954.removal,,,,,
geop_7173.date_correction,,,,,
geop_7173.add_causal,,,,,
geop_7173.contradiction,,,,,
geop_7173.removal,,,,,
hist_tech_23914.date_correction,,,,,
hist_tech_23914.add_causal,,,,,
hist_tech_23914.contradiction,,,,,
hist_tech_23914.removal,,,,,
hist_5565.date_correction,,,,,
hist_5565.add_causal,,,,,
hist_5565.contradiction,,,,,
hist_5565.removal,,,,,
fina_trad_40594.date_correction,,,,,
fina_trad_40594.add_causal,,,,,
fina_trad_40594.contradiction,,,,,
fina_trad_40594.removal,,,,,
spor_50201.date_correction,,,,,
spor_50201.add_causal,,,,,
spor_50201.contradiction,,,,,
spor_50201.removal,,,,,
fina_43594.date_correction,,,,,
fina_43594.add_causal,,,,,
fina_43594.contradiction,,,,,
fina_43594.removal,,,,,
spor_50574.date_correction,,,,,
spor_50574.add_causal,,,,,
spor_50574.contradiction,,,,,
spor_50574.removal,,,,,
geop_11532.date_correction,,,,,
geop_11532.add_causal,,,,,
geop_11532.contradiction,,,,,
geop_11532.removal,,,,,
fina_48970.date_correction,,,,,
fina_48970.add_causal,,,,,
fina_48970.contradiction,,,,,
fina_48970.removal,,,,,
scie_37335.date_correction,,,,,
scie_37335.add_causal,,,,,
scie_37335.contradiction,,,,,
scie_37335.removal,,,,,
medi_31856.date_correction,,,,,
medi_31856.add_causal,,,,,
medi_31856.contradiction,,,,,
medi_31856.removal,,,,,
medi_37479.date_correction,,,,,
medi_37479.add_causal,,,,,
medi_37479.contradiction,,,,,
medi_37479.removal,,,,,
medi_30642.date_correction,,,,,
medi_30642.add_causal,,,,,
medi_30642.contradiction,,,,,
medi_30642.removal,,,,,
tech_37724.date_correction,,,,,
tech_37724.add_causal,,,,,
tech_37724.contradiction,,,,,
tech_37724.removal,,,,,
fina_46892.date_correction,,,,,
fina_46892.add_causal,,,,,
fina_46892.contradiction,,,,,
fina_46892.removal,,,,,
busi_47.date_correction,,,,,
busi_47.add_causal,,,,,
busi_47.contradiction,,,,,
busi_47.removal,,,,,
scie_30583.date_correction,,,,,
scie_30583.add_causal,,,,,
scie_30583.contradiction,,,,,
scie_30583.removal,,,,,
hist_scie_33535.date_correction,,,,,
hist_scie_33535.add_causal,,,,,
hist_scie_33535.contradiction,,,,,
hist_scie_33535.removal,,,,,
fina_47012.date_correction,,,,,
fina_47012.add_causal,,,,,
fina_47012.contradiction,,,,,
fina_47012.removal,,,,,
hist_engi_1184.date_correction,,,,,
hist_engi_1184.add_causal,,,,,
hist_engi_1184.contradiction,,,,,
hist_engi_1184.removal,,,,,
fina_40559.date_correction,,,,,
fina_40559.add_causal,,,,,
fina_40559.contradiction,,,,,
fina_40559.removal,,,,,
hist_22273.date_correction,,,,,
hist_22273.add_causal,,,,,
hist_22273.contradiction,,,,,
hist_22273.removal,,,,,
scie_36257.date_correction,,,,,
scie_36257.add_causal,,,,,
scie_36257.contradiction,,,,,
scie_36257.removal,,,,,
tech_48364.date_correction,,,,,
tech_48364.add_causal,,,,,
tech_48364.contradiction,,,,,
tech_48364.removal,,,,,
fina_22604.date_correction,,,,,
fina_22604.add_causal,,,,,
fina_22604.contradiction,,,,,
fina_22604.removal,,,,,
cons_busi_5208.date_correction,,,,,
cons_busi_5208.add_causal,,,,,
cons_busi_5208.contradiction,,,,,
cons_busi_5208.removal,,,,,
hist_26644.date_correction,,,,,
hist_26644.add_causal,,,,,
hist_26644.contradiction,,,,,
hist_26644.removal,,,,,
spor_50137.date_correction,,,,,
spor_50137.add_causal,,,,,
spor_50137.contradiction,,,,,
spor_50137.removal,,,,,
hist_5390.date_correction,,,,,
hist_5390.add_causal,,,,,
hist_5390.contradiction,,,,,
hist_5390.removal,,,,,
fina_39036.date_correction,,,,,
fina_39036.add_causal,,,,,
fina_39036.contradiction,,,,,
fina_39036.removal,,,,,
cult_13723.date_correction,,,,,
cult_13723.add_causal,,,,,
cult_13723.contradiction,,,,,
cult_13723.removal,,,,,
hist_22348.date_correction,,,,,
hist_22348.add_causal,,,,,
hist_22348.contradiction,,,,,
hist_22348.removal,,,,,
cult_10189.date_correction,,,,,
cult_10189.add_causal,,,,,
cult_10189.contradiction,,,,,
cult_10189.removal,,,,,
hist_7774.date_correction,,,,,
hist_7774.add_causal,,,,,
hist_7774.contradiction,,,,,
hist_7774.removal,,,,,
medi_37624.date_correction,,,,,
medi_37624.add_causal,,,,,
medi_37624.contradiction,,,,,
medi_37624.removal,,,,,
cult_10125.date_correction,,,,,
cult_10125.add_causal,,,,,
cult_10125.contradiction,,,,,
cult_10125.removal,,,,,
fina_4871.date_correction,,,,,
fina_4871.add_causal,,,,,
fina_4871.contradiction,,,,,
fina_4871.removal,,,,,
hist_25442.date_correction,,,,,
hist_25442.add_causal,,,,,
hist_25442.contradiction,,,,,
hist_25442.removal,,,,,
fina_geop_38239.date_correction,,,,,
fina_geop_38239.add_causal,,,,,
fina_geop_38239.contradiction,,,,,
fina_geop_38239.removal,,,,,
geop_19158.date_correction,,,,,
geop_19158.add_causal,,,,,
geop_19158.contradiction,,,,,
geop_19158.removal,,,,,
tech_45088.date_correction,,,,,
tech_45088.add_causal,,,,,
tech_45088.contradiction,,,,,
tech_45088.removal,,,,,
scie_hist_32509.date_correction,,,,,
scie_hist_32509.add_causal,,,,,
scie_hist_32509.contradiction,,,,,
scie_hist_32509.removal,,,,,
fina_18693.date_correction,,,,,
fina_18693.add_causal,,,,,
fina_18693.contradiction,,,,,
fina_18693.removal,,,,,
tech_48847.date_correction,,,,,
tech_48847.add_causal,,,,,
tech_48847.contradiction,,,,,
tech_48847.removal,,,,,
hist_43868.date_correction,,,,,
hist_43868.add_causal,,,,,
hist_43868.contradiction,,,,,
hist_43868.removal,,,,,
hist_27359.date_correction,,,,,
hist_27359.add_causal,,,,,
hist_27359.contradiction,,,,,
hist_27359.removal,,,,,
hist_12939.date_correction,,,,,
hist_12939.add_causal,,,,,
hist_12939.contradiction,,,,,
hist_12939.removal,,,,,
hist_32569.date_correction,,,,,
hist_32569.add_causal,,,,,
hist_32569.contradiction,,,,,
hist_32569.removal,,,,,
cult_12673.date_correction,,,,,
cult_12673.add_causal,,,,,
cult_12673.contradiction,,,,,
cult_12673.removal,,,,,
hist_6779.date_correction,,,,,
hist_6779.add_causal,,,,,
hist_6779.contradiction,,,,,
hist_6779.removal,,,,,
tech_37905.date_correction,,,,,
tech_37905.add_causal,,,,,
tech_37905.contradiction,,,,,
tech_37905.removal,,,,,
medi_35155.date_correction,,,,,
medi_35155.add_causal,,,,,
medi_35155.contradiction,,,,,
medi_35155.removal,,,,,
scie_25185.date_correction,,,,,
scie_25185.add_causal,,,,,
scie_25185.contradiction,,,,,
scie_25185.removal,,,,,
geop_19791.date_correction,,,,,
geop_19791.add_causal,,,,,
geop_19791.contradiction,,,,,
geop_19791.removal,,,,,
hist_3069.date_correction,,,,,
hist_3069.add_causal,,,,,
hist_3069.contradiction,,,,,
hist_3069.removal,,,,,
geop_fina_20044.date_correction,,,,,
geop_fina_20044.add_causal,,,,,
geop_fina_20044.contradiction,,,,,
geop_fina_20044.removal,,,,,
tech_29575.date_correction,,,,,
tech_29575.add_causal,,,,,
tech_29575.contradiction,,,,,
tech_29575.removal,,,,,
scie_30963.date_correction,,,,,
scie_30963.add_causal,,,,,
scie_30963.contradiction,,,,,
scie_30963.removal,,,,,
fina_528.date_correction,,,,,
fina_528.add_causal,,,,,
fina_528.contradiction,,,,,
fina_528.removal,,,,,
tech_44831.date_correction,,,,,
tech_44831.add_causal,,,,,
tech_44831.contradiction,,,,,
tech_44831.removal,,,,,
hist_3103.date_correction,,,,,
hist_3103.add_causal,,,,,
hist_3103.contradiction,,,,,
hist_3103.removal,,,,,
scie_27954.date_correction,,,,,
scie_27954.add_causal,,,,,
scie_27954.contradiction,,,,,
scie_27954.removal,,,,,
hist_geop_34109.date_correction,,,,,
hist_geop_34109.add_causal,,,,,
hist_geop_34109.contradiction,,,,,
hist_geop_34109.removal,,,,,
fina_4662.date_correction,,,,,
fina_4662.add_causal,,,,,
fina_4662.contradiction,,,,,
fina_4662.removal,,,,,
scie_31032.date_correction,,,,,
scie_31032.add_causal,,,,,
scie_31032.contradiction,,,,,
scie_31032.removal,,,,,
geop_40139.date_correction,,,,,
geop_40139.add_causal,,,,,
geop_40139.contradiction,,,,,
geop_40139.removal,,,,,
geop_fina_20041.date_correction,,,,,
geop_fina_20041.add_causal,,,,,
geop_fina_20041.contradiction,,,,,
geop_fina_20041.removal,,,,,
cult_13771.date_correction,,,,,
cult_13771.add_causal,,,,,
cult_13771.contradiction,,,,,
cult_13771.removal,,,,,
fina_42087.date_correction,,,,,
fina_42087.add_causal,,,,,
fina_42087.contradiction,,,,,
fina_42087.removal,,,,,
cult_8005.date_correction,,,,,
cult_8005.add_causal,,,,,
cult_8005.contradiction,,,,,
cult_8005.removal,,,,,
fina_geop_39479.date_correction,,,,,
fina_geop_39479.add_causal,,,,,
fina_geop_39479.contradiction,,,,,
fina_geop_39479.removal,,,,,
geop_fina_40459.date_correction,,,,,
geop_fina_40459.add_causal,,,,,
geop_fina_40459.contradiction,,,,,
geop_fina_40459.removal,,,,,
tech_45254.date_correction,,,,,
tech_45254.add_causal,,,,,
tech_45254.contradiction,,,,,
tech_45254.removal,,,,,
tech_44337.date_correction,,,,,
tech_44337.add_causal,,,,,
tech_44337.contradiction,,,,,
tech_44337.removal,,,,,
hist_21175.date_correction,,,,,
hist_21175.add_causal,,,,,
hist_21175.contradiction,,,,,
hist_21175.removal,,,,,
ener_701.date_correction,,,,,
ener_701.add_causal,,,,,
ener_701.contradiction,,,,,
ener_701.removal,,,,,
geop_19745.date_correction,,,,,
geop_19745.add_causal,,,,,
geop_19745.contradiction,,,,,
geop_19745.removal,,,,,
scie_30877.date_correction,,,,,
scie_30877.add_causal,,,,,
scie_30877.contradiction,,,,,
scie_30877.removal,,,,,
hist_1359.date_correction,,,,,
hist_1359.add_causal,,,,,
hist_1359.contradiction,,,,,
hist_1359.removal,,,,,
fina_42587.date_correction,,,,,
fina_42587.add_causal,,,,,
fina_42587.contradiction,,,,,
fina_42587.removal,,,,,
cult_10880.date_correction,,,,,
cult_10880.add_causal,,,,,
cult_10880.contradiction,,,,,
cult_10880.removal,,,,,
medi_34552.date_correction,,,,,
medi_34552.add_causal,,,,,
medi_34552.contradiction,,,,,
medi_34552.removal,,,,,
hist_21546.date_correction,,,,,
hist_21546.add_causal,,,,,
hist_21546.contradiction,,,,,
hist_21546.removal,,,,,
fina_2493.date_correction,,,,,
fina_2493.add_causal,,,,,
fina_2493.contradiction,,,,,
fina_2493.removal,,,,,
geop_19129.date_correction,,,,,
geop_19129.add_causal,,,,,
geop_19129.contradiction,,,,,
geop_19129.removal,,,,,
scie_48724.date_correction,,,,,
scie_48724.add_causal,,,,,
scie_48724.contradiction,,,,,
scie_48724.removal,,,,,
fina_48769.date_correction,,,,,
fina_48769.add_causal,,,,,
fina_48769.contradiction,,,,,
fina_48769.removal,,,,,
scie_28170.date_correction,,,,,
scie_28170.add_causal,,,,,
scie_28170.contradiction,,,,,
scie_28170.removal,,,,,
busi_58.date_correction,,,,,
busi_58.add_causal,,,,,
busi_58.contradiction,,,,,
busi_58.removal,,,,,
scie_27739.date_correction,,,,,
scie_27739.add_causal,,,,,
scie_27739.contradiction,,,,,
scie_27739.removal,,,,,
cult_8754.date_correction,,,,,
cult_8754.add_causal,,,,,
cult_8754.contradiction,,,,,
cult_8754.removal,,,,,
tech_44854.date_correction,,,,,
tech_44854.add_causal,,,,,
tech_44854.contradiction,,,,,
tech_44854.removal,,,,,
scie_27666.date_correction,,,,,
scie_27666.add_causal,,,,,
scie_27666.contradiction,,,,,
scie_27666.removal,,,,,
tech_3291.date_correction,,,,,
tech_3291.add_causal,,,,,
tech_3291.contradiction,,,,,
tech_3291.removal,,,,,
hist_fina_24241.date_correction,,,,,
hist_fina_24241.add_causal,,,,,
hist_fina_24241.contradiction,,,,,
hist_fina_24241.removal,,,,,
cult_10066.date_correction,,,,,
cult_10066.add_causal,,,,,
cult_10066.contradiction,,,,,
cult_10066.removal,,,,,
cult_10912.date_correction,,,,,
cult_10912.add_causal,,,,,
cult_10912.contradiction,,,,,
cult_10912.removal,,,,,
tech_49273.date_correction,,,,,
tech_49273.add_causal,,,,,
tech_49273.contradiction,,,,,
tech_49273.removal,,,,,
hist_tech_23902.date_correction,,,,,
hist_tech_23902.add_causal,,,,,
hist_tech_23902.contradiction,,,,,
hist_tech_23902.removal,,,,,
spor_50515.date_correction,,,,,
spor_50515.add_causal,,,,,
spor_50515.contradiction,,,,,
spor_50515.removal,,,,,
tech_geop_44171.date_correction,,,,,
tech_geop_44171.add_causal,,,,,
tech_geop_44171.contradiction,,,,,
tech_geop_44171.removal,,,,,
hist_25144.date_correction,,,,,
hist_25144.add_causal,,,,,
hist_25144.contradiction,,,,,
hist_25144.removal,,,,,
geop_16290.date_correction,,,,,
geop_16290.add_causal,,,,,
geop_16290.contradiction,,,,,
geop_16290.removal,,,,,
geop_19616.date_correction,,,,,
geop_19616.add_causal,,,,,
geop_19616.contradiction,,,,,
geop_19616.removal,,,,,
hist_fina_47447.date_correction,,,,,
hist_fina_47447.add_causal,,,,,
hist_fina_47447.contradiction,,,,,
hist_fina_47447.removal,,,,,
medi_33765.date_correction,,,,,
medi_33765.add_causal,,,,,
medi_33765.contradiction,,,,,
medi_33765.removal,,,,,
scie_hist_31464.date_correction,,,,,
scie_hist_31464.add_causal,,,,,
scie_hist_31464.contradiction,,,,,
scie_hist_31464.removal,,,,,
cult_13520.date_correction,,,,,
cult_13520.add_causal,,,,,
cult_13520.contradiction,,,,,
cult_13520.removal,,,,,
hist_1507.date_correction,,,,,
hist_1507.add_causal,,,,,
hist_1507.contradiction,,,,,
hist_1507.removal,,,,,
hist_scie_6322.date_correction,,,,,
hist_scie_6322.add_causal,,,,,
hist_scie_6322.contradiction,,,,,
hist_scie_6322.removal,,,,,
hist_20606.date_correction,,,,,
hist_20606.add_causal,,,,,
hist_20606.contradiction,,,,,
hist_20606.removal,,,,,
hist_3658.date_correction,,,,,
hist_3658.add_causal,,,,,
hist_3658.contradiction,,,,,
hist_3658.removal,,,,,
geop_16145.date_correction,,,,,
geop_16145.add_causal,,,,,
geop_16145.contradiction,,,,,
geop_16145.removal,,,,,
cult_14401.date_correction,,,,,
cult_14401.add_causal,,,,,
cult_14401.contradiction,,,,,
cult_14401.removal,,,,,
poli_18443.date_correction,,,,,
poli_18443.add_causal,,,,,
poli_18443.contradiction,,,,,
poli_18443.removal,,,,,
hist_23355.date_correction,,,,,
hist_23355.add_causal,,,,,
hist_23355.contradiction,,,,,
hist_23355.removal,,,,,
fina_38939.date_correction,,,,,
fina_38939.add_causal,,,,,
fina_38939.contradiction,,,,,
fina_38939.removal,,,,,
hist_26172.date_correction,,,,,
hist_26172.add_causal,,,,,
hist_26172.contradiction,,,,,
hist_26172.removal,,,,,
medi_hist_34041.date_correction,,,,,
medi_hist_34041.add_causal,,,,,
medi_hist_34041.contradiction,,,,,
medi_hist_34041.removal,,,,,
fina_41408.date_correction,,,,,
fina_41408.add_causal,,,,,
fina_41408.contradiction,,,,,
fina_41408.removal,,,,,
geop_18790.date_correction,,,,,
geop_18790.add_causal,,,,,
geop_18790.contradiction,,,,,
geop_18790.removal,,,,,
